brand_code_uc,brand_descr,week_end,revenue
500426,3M COMMAND,1/6/2018,552772.42
500426,3M COMMAND,1/13/2018,513264.27
500426,3M COMMAND,1/20/2018,492224.22
500426,3M COMMAND,1/27/2018,417880.43
500426,3M COMMAND,2/3/2018,411390
500426,3M COMMAND,2/10/2018,368322.34
500426,3M COMMAND,2/17/2018,367769.1
500426,3M COMMAND,2/24/2018,379924.03
500426,3M COMMAND,3/3/2018,398905.35
500426,3M COMMAND,3/10/2018,391804.79
500426,3M COMMAND,3/17/2018,393279.44
500426,3M COMMAND,3/24/2018,388207.66
500426,3M COMMAND,3/31/2018,431986.06
500426,3M COMMAND,4/7/2018,404637.24
500426,3M COMMAND,4/14/2018,439684.42
500426,3M COMMAND,4/21/2018,416167.16
500426,3M COMMAND,4/28/2018,401355.08
500426,3M COMMAND,5/5/2018,430079.28
500426,3M COMMAND,5/12/2018,416483.43
500426,3M COMMAND,5/19/2018,419714.05
500426,3M COMMAND,5/26/2018,442051.8
500426,3M COMMAND,6/2/2018,481827.17
500426,3M COMMAND,6/9/2018,456070.5
500426,3M COMMAND,6/16/2018,446567.76
500426,3M COMMAND,6/23/2018,453553.8
500426,3M COMMAND,6/30/2018,499223.52
500426,3M COMMAND,7/7/2018,558498.93
500426,3M COMMAND,7/14/2018,555177.94
500426,3M COMMAND,7/21/2018,604183.93
500426,3M COMMAND,7/28/2018,702491.81
500426,3M COMMAND,8/4/2018,903127.91
500426,3M COMMAND,8/11/2018,1079994.62
500426,3M COMMAND,8/18/2018,1410394.1
500426,3M COMMAND,8/25/2018,1336877.84
500426,3M COMMAND,9/1/2018,929973.15
500426,3M COMMAND,9/8/2018,761297.88
500426,3M COMMAND,9/15/2018,616456.19
500426,3M COMMAND,9/22/2018,629982.09
500426,3M COMMAND,9/29/2018,610979.96
500426,3M COMMAND,10/6/2018,656552.83
500426,3M COMMAND,10/13/2018,623248.87
500426,3M COMMAND,10/20/2018,584118.47
500426,3M COMMAND,10/27/2018,547359.38
500426,3M COMMAND,11/3/2018,555326.59
500426,3M COMMAND,11/10/2018,653402.22
500426,3M COMMAND,11/17/2018,852202.66
500426,3M COMMAND,11/24/2018,1440988.87
500426,3M COMMAND,12/1/2018,1974435.66
500426,3M COMMAND,12/8/2018,1847243
500426,3M COMMAND,12/15/2018,1345703.84
500426,3M COMMAND,12/22/2018,1115272.06
500426,3M COMMAND,12/29/2018,777403.77
504897,AMERI GAS,1/6/2018,620125.61
504897,AMERI GAS,1/13/2018,322612.01
504897,AMERI GAS,1/20/2018,388023.91
504897,AMERI GAS,1/27/2018,308505.14
504897,AMERI GAS,2/3/2018,343834.25
504897,AMERI GAS,2/10/2018,381956.91
504897,AMERI GAS,2/17/2018,316296.51
504897,AMERI GAS,2/24/2018,344068.21
504897,AMERI GAS,3/3/2018,348556.2
504897,AMERI GAS,3/10/2018,383138.36
504897,AMERI GAS,3/17/2018,402195.32
504897,AMERI GAS,3/24/2018,392794.83
504897,AMERI GAS,3/31/2018,425499.45
504897,AMERI GAS,4/7/2018,484572.1
504897,AMERI GAS,4/14/2018,421221.12
504897,AMERI GAS,4/21/2018,442044.67
504897,AMERI GAS,4/28/2018,610121.67
504897,AMERI GAS,5/5/2018,662911.15
504897,AMERI GAS,5/12/2018,705445.36
504897,AMERI GAS,5/19/2018,707803.67
504897,AMERI GAS,5/26/2018,687915.99
504897,AMERI GAS,6/2/2018,1052904.53
504897,AMERI GAS,6/9/2018,644871.11
504897,AMERI GAS,6/16/2018,645466.37
504897,AMERI GAS,6/23/2018,736259.83
504897,AMERI GAS,6/30/2018,631742.09
504897,AMERI GAS,7/7/2018,969187.32
504897,AMERI GAS,7/14/2018,777976.67
504897,AMERI GAS,7/21/2018,584179.56
504897,AMERI GAS,7/28/2018,567097.68
504897,AMERI GAS,8/4/2018,573088.28
504897,AMERI GAS,8/11/2018,577136.53
504897,AMERI GAS,8/18/2018,536250.8
504897,AMERI GAS,8/25/2018,538306.01
504897,AMERI GAS,9/1/2018,555637.82
504897,AMERI GAS,9/8/2018,739080.8
504897,AMERI GAS,9/15/2018,607206.2
504897,AMERI GAS,9/22/2018,444225.73
504897,AMERI GAS,9/29/2018,417765.93
504897,AMERI GAS,10/6/2018,408510.79
504897,AMERI GAS,10/13/2018,398758.24
504897,AMERI GAS,10/20/2018,403391.52
504897,AMERI GAS,10/27/2018,411709.34
504897,AMERI GAS,11/3/2018,387953.16
504897,AMERI GAS,11/10/2018,408483.39
504897,AMERI GAS,11/17/2018,460159.51
504897,AMERI GAS,11/24/2018,672265.71
504897,AMERI GAS,12/1/2018,523393.94
504897,AMERI GAS,12/8/2018,397698.79
504897,AMERI GAS,12/15/2018,379545.66
504897,AMERI GAS,12/22/2018,390165.84
504897,AMERI GAS,12/29/2018,656815.59
507683,ARMOR ALL,1/6/2018,358220.43
507683,ARMOR ALL,1/13/2018,411180.44
507683,ARMOR ALL,1/20/2018,438071.44
507683,ARMOR ALL,1/27/2018,526128.24
507683,ARMOR ALL,2/3/2018,480032.05
507683,ARMOR ALL,2/10/2018,421966.53
507683,ARMOR ALL,2/17/2018,522365.77
507683,ARMOR ALL,2/24/2018,619651.97
507683,ARMOR ALL,3/3/2018,718653.26
507683,ARMOR ALL,3/10/2018,650157.37
507683,ARMOR ALL,3/17/2018,660164.05
507683,ARMOR ALL,3/24/2018,686121.21
507683,ARMOR ALL,3/31/2018,772755.63
507683,ARMOR ALL,4/7/2018,600169.81
507683,ARMOR ALL,4/14/2018,717006.18
507683,ARMOR ALL,4/21/2018,700299.49
507683,ARMOR ALL,4/28/2018,799564.72
507683,ARMOR ALL,5/5/2018,803140.74
507683,ARMOR ALL,5/12/2018,788839.41
507683,ARMOR ALL,5/19/2018,675471.16
507683,ARMOR ALL,5/26/2018,748488.33
507683,ARMOR ALL,6/2/2018,760313.64
507683,ARMOR ALL,6/9/2018,772438.72
507683,ARMOR ALL,6/16/2018,816570.52
507683,ARMOR ALL,6/23/2018,702849.22
507683,ARMOR ALL,6/30/2018,694126.11
507683,ARMOR ALL,7/7/2018,709069.39
507683,ARMOR ALL,7/14/2018,696090.09
507683,ARMOR ALL,7/21/2018,655351.63
507683,ARMOR ALL,7/28/2018,645434.79
507683,ARMOR ALL,8/4/2018,640780.45
507683,ARMOR ALL,8/11/2018,616333.18
507683,ARMOR ALL,8/18/2018,629348.26
507683,ARMOR ALL,8/25/2018,637022.41
507683,ARMOR ALL,9/1/2018,625683.84
507683,ARMOR ALL,9/8/2018,600012.81
507683,ARMOR ALL,9/15/2018,541053.11
507683,ARMOR ALL,9/22/2018,560680.42
507683,ARMOR ALL,9/29/2018,538250.78
507683,ARMOR ALL,10/6/2018,559533.59
507683,ARMOR ALL,10/13/2018,505135.87
507683,ARMOR ALL,10/20/2018,463831.62
507683,ARMOR ALL,10/27/2018,457336.06
507683,ARMOR ALL,11/3/2018,466128.37
507683,ARMOR ALL,11/10/2018,411515.61
507683,ARMOR ALL,11/17/2018,385776.82
507683,ARMOR ALL,11/24/2018,445840.29
507683,ARMOR ALL,12/1/2018,386785.7
507683,ARMOR ALL,12/8/2018,408240.53
507683,ARMOR ALL,12/15/2018,452899.91
507683,ARMOR ALL,12/22/2018,650478.37
507683,ARMOR ALL,12/29/2018,524498.21
710197,CONSUMER CELLULAR,1/6/2018,540879.96
710197,CONSUMER CELLULAR,1/13/2018,588138.25
710197,CONSUMER CELLULAR,1/20/2018,563280.82
710197,CONSUMER CELLULAR,1/27/2018,613996
710197,CONSUMER CELLULAR,2/3/2018,640414.61
710197,CONSUMER CELLULAR,2/10/2018,579332.45
710197,CONSUMER CELLULAR,2/17/2018,601666.17
710197,CONSUMER CELLULAR,2/24/2018,728244.8
710197,CONSUMER CELLULAR,3/3/2018,747519.39
710197,CONSUMER CELLULAR,3/10/2018,722974.98
710197,CONSUMER CELLULAR,3/17/2018,734238.78
710197,CONSUMER CELLULAR,3/24/2018,742130.23
710197,CONSUMER CELLULAR,3/31/2018,817041.59
710197,CONSUMER CELLULAR,4/7/2018,657636.48
710197,CONSUMER CELLULAR,4/14/2018,680196.06
710197,CONSUMER CELLULAR,4/21/2018,676833.18
710197,CONSUMER CELLULAR,4/28/2018,687056.08
710197,CONSUMER CELLULAR,5/5/2018,709663.51
710197,CONSUMER CELLULAR,5/12/2018,722099.67
710197,CONSUMER CELLULAR,5/19/2018,697149.86
710197,CONSUMER CELLULAR,5/26/2018,698785.81
710197,CONSUMER CELLULAR,6/2/2018,735883.77
710197,CONSUMER CELLULAR,6/9/2018,752819.2
710197,CONSUMER CELLULAR,6/16/2018,772555.18
710197,CONSUMER CELLULAR,6/23/2018,774638.17
710197,CONSUMER CELLULAR,6/30/2018,868209.98
710197,CONSUMER CELLULAR,7/7/2018,771275.86
710197,CONSUMER CELLULAR,7/14/2018,768048.04
710197,CONSUMER CELLULAR,7/21/2018,752993.26
710197,CONSUMER CELLULAR,7/28/2018,758313.44
710197,CONSUMER CELLULAR,8/4/2018,820205.87
710197,CONSUMER CELLULAR,8/11/2018,815207.34
710197,CONSUMER CELLULAR,8/18/2018,801262.78
710197,CONSUMER CELLULAR,8/25/2018,775015.89
710197,CONSUMER CELLULAR,9/1/2018,806815.23
710197,CONSUMER CELLULAR,9/8/2018,780421.8
710197,CONSUMER CELLULAR,9/15/2018,731265.98
710197,CONSUMER CELLULAR,9/22/2018,661975.56
710197,CONSUMER CELLULAR,9/29/2018,660635.14
710197,CONSUMER CELLULAR,10/6/2018,611757.06
710197,CONSUMER CELLULAR,10/13/2018,616110.32
710197,CONSUMER CELLULAR,10/20/2018,649364.62
710197,CONSUMER CELLULAR,10/27/2018,641825.15
710197,CONSUMER CELLULAR,11/3/2018,732605.4
710197,CONSUMER CELLULAR,11/10/2018,661847.3
710197,CONSUMER CELLULAR,11/17/2018,635566.38
710197,CONSUMER CELLULAR,11/24/2018,542479.02
710197,CONSUMER CELLULAR,12/1/2018,729818.4
710197,CONSUMER CELLULAR,12/8/2018,763739.27
710197,CONSUMER CELLULAR,12/15/2018,730777.37
710197,CONSUMER CELLULAR,12/22/2018,834962.85
710197,CONSUMER CELLULAR,12/29/2018,732096.64
533389,CONTIGO,1/6/2018,1335148.09
533389,CONTIGO,1/13/2018,1475188.61
533389,CONTIGO,1/20/2018,1410174.19
533389,CONTIGO,1/27/2018,1306137.32
533389,CONTIGO,2/3/2018,1347184.41
533389,CONTIGO,2/10/2018,1355122.49
533389,CONTIGO,2/17/2018,1595181.36
533389,CONTIGO,2/24/2018,1366109.78
533389,CONTIGO,3/3/2018,1469354.64
533389,CONTIGO,3/10/2018,1374157.83
533389,CONTIGO,3/17/2018,1333305.01
533389,CONTIGO,3/24/2018,1385582.11
533389,CONTIGO,3/31/2018,1605620.04
533389,CONTIGO,4/7/2018,1120098.04
533389,CONTIGO,4/14/2018,1220315.61
533389,CONTIGO,4/21/2018,1161460.28
533389,CONTIGO,4/28/2018,1148231.76
533389,CONTIGO,5/5/2018,1201748.55
533389,CONTIGO,5/12/2018,1418924.61
533389,CONTIGO,5/19/2018,1229980.02
533389,CONTIGO,5/26/2018,1197467.71
533389,CONTIGO,6/2/2018,1311554.02
533389,CONTIGO,6/9/2018,1430214.3
533389,CONTIGO,6/16/2018,1544149.09
533389,CONTIGO,6/23/2018,1544177.15
533389,CONTIGO,6/30/2018,1601792.6
533389,CONTIGO,7/7/2018,1537484.44
533389,CONTIGO,7/14/2018,1521666.64
533389,CONTIGO,7/21/2018,1502205.76
533389,CONTIGO,7/28/2018,1641135.8
533389,CONTIGO,8/4/2018,1746506.28
533389,CONTIGO,8/11/2018,2015358.96
533389,CONTIGO,8/18/2018,2243695.16
533389,CONTIGO,8/25/2018,2143607.91
533389,CONTIGO,9/1/2018,1931950.17
533389,CONTIGO,9/8/2018,1994973.05
533389,CONTIGO,9/15/2018,1608596.29
533389,CONTIGO,9/22/2018,1553648.69
533389,CONTIGO,9/29/2018,1395541.03
533389,CONTIGO,10/6/2018,1345758.25
533389,CONTIGO,10/13/2018,1327854.69
533389,CONTIGO,10/20/2018,1297729.76
533389,CONTIGO,10/27/2018,1203113.64
533389,CONTIGO,11/3/2018,1164678.66
533389,CONTIGO,11/10/2018,1157911.28
533389,CONTIGO,11/17/2018,1560733.96
533389,CONTIGO,11/24/2018,1253144.17
533389,CONTIGO,12/1/2018,1267101.52
533389,CONTIGO,12/8/2018,1539653.39
533389,CONTIGO,12/15/2018,1997279.66
533389,CONTIGO,12/22/2018,3493096.25
533389,CONTIGO,12/29/2018,2510916.88
535500,CRAYOLA,1/6/2018,1779666.35
535500,CRAYOLA,1/13/2018,1865174.25
535500,CRAYOLA,1/20/2018,1821618.28
535500,CRAYOLA,1/27/2018,1834802.32
535500,CRAYOLA,2/3/2018,1933290.87
535500,CRAYOLA,2/10/2018,2056056.73
535500,CRAYOLA,2/17/2018,2419613.76
535500,CRAYOLA,2/24/2018,1896754.55
535500,CRAYOLA,3/3/2018,2001451.43
535500,CRAYOLA,3/10/2018,2023927.99
535500,CRAYOLA,3/17/2018,2094332.34
535500,CRAYOLA,3/24/2018,2243165.84
535500,CRAYOLA,3/31/2018,3484102.21
535500,CRAYOLA,4/7/2018,1746583.92
535500,CRAYOLA,4/14/2018,1695251.38
535500,CRAYOLA,4/21/2018,1706292.43
535500,CRAYOLA,4/28/2018,1661944.79
535500,CRAYOLA,5/5/2018,1670615.57
535500,CRAYOLA,5/12/2018,1938696.67
535500,CRAYOLA,5/19/2018,1620549.96
535500,CRAYOLA,5/26/2018,1543116.81
535500,CRAYOLA,6/2/2018,1554300.02
535500,CRAYOLA,6/9/2018,1586601.48
535500,CRAYOLA,6/16/2018,1659448.82
535500,CRAYOLA,6/23/2018,1540094.45
535500,CRAYOLA,6/30/2018,1538858.47
535500,CRAYOLA,7/7/2018,1654288.18
535500,CRAYOLA,7/14/2018,2889906.58
535500,CRAYOLA,7/21/2018,5313711.12
535500,CRAYOLA,7/28/2018,5282017.51
535500,CRAYOLA,8/4/2018,7492478.41
535500,CRAYOLA,8/11/2018,7666046.62
535500,CRAYOLA,8/18/2018,7001676.03
535500,CRAYOLA,8/25/2018,5699443.2
535500,CRAYOLA,9/1/2018,4342785.33
535500,CRAYOLA,9/8/2018,3251982.73
535500,CRAYOLA,9/15/2018,2154378.23
535500,CRAYOLA,9/22/2018,1756531.29
535500,CRAYOLA,9/29/2018,1679410.25
535500,CRAYOLA,10/6/2018,1776405.57
535500,CRAYOLA,10/13/2018,1847454.76
535500,CRAYOLA,10/20/2018,1894197.96
535500,CRAYOLA,10/27/2018,1994196.4
535500,CRAYOLA,11/3/2018,2084823.87
535500,CRAYOLA,11/10/2018,2152074.02
535500,CRAYOLA,11/17/2018,2289004.86
535500,CRAYOLA,11/24/2018,2603614.12
535500,CRAYOLA,12/1/2018,2441584.14
535500,CRAYOLA,12/8/2018,3194377.94
535500,CRAYOLA,12/15/2018,3570829.42
535500,CRAYOLA,12/22/2018,4999697.18
535500,CRAYOLA,12/29/2018,2849798.64
733647,DISNEY BUENA VISTA HOME VIDEO,1/6/2018,1000851.32
733647,DISNEY BUENA VISTA HOME VIDEO,1/13/2018,890816.26
733647,DISNEY BUENA VISTA HOME VIDEO,1/20/2018,917025.06
733647,DISNEY BUENA VISTA HOME VIDEO,1/27/2018,851867.62
733647,DISNEY BUENA VISTA HOME VIDEO,2/3/2018,876461.8
733647,DISNEY BUENA VISTA HOME VIDEO,2/10/2018,915541.8
733647,DISNEY BUENA VISTA HOME VIDEO,2/17/2018,1283468.18
733647,DISNEY BUENA VISTA HOME VIDEO,2/24/2018,963238.21
733647,DISNEY BUENA VISTA HOME VIDEO,3/3/2018,9745497.38
733647,DISNEY BUENA VISTA HOME VIDEO,3/10/2018,12864904.03
733647,DISNEY BUENA VISTA HOME VIDEO,3/17/2018,5489718.98
733647,DISNEY BUENA VISTA HOME VIDEO,3/24/2018,4090054.73
733647,DISNEY BUENA VISTA HOME VIDEO,3/31/2018,18118277.67
733647,DISNEY BUENA VISTA HOME VIDEO,4/7/2018,4510678.09
733647,DISNEY BUENA VISTA HOME VIDEO,4/14/2018,2896291.76
733647,DISNEY BUENA VISTA HOME VIDEO,4/21/2018,2001736.74
733647,DISNEY BUENA VISTA HOME VIDEO,4/28/2018,1703643.28
733647,DISNEY BUENA VISTA HOME VIDEO,5/5/2018,2088172.31
733647,DISNEY BUENA VISTA HOME VIDEO,5/12/2018,1708330.18
733647,DISNEY BUENA VISTA HOME VIDEO,5/19/2018,13645145.76
733647,DISNEY BUENA VISTA HOME VIDEO,5/26/2018,4970098.1
733647,DISNEY BUENA VISTA HOME VIDEO,6/2/2018,3021588.03
733647,DISNEY BUENA VISTA HOME VIDEO,6/9/2018,3966717.2
733647,DISNEY BUENA VISTA HOME VIDEO,6/16/2018,3190636.57
733647,DISNEY BUENA VISTA HOME VIDEO,6/23/2018,1918501.45
733647,DISNEY BUENA VISTA HOME VIDEO,6/30/2018,1565268.24
733647,DISNEY BUENA VISTA HOME VIDEO,7/7/2018,1476508.11
733647,DISNEY BUENA VISTA HOME VIDEO,7/14/2018,1208775.02
733647,DISNEY BUENA VISTA HOME VIDEO,7/21/2018,1146406.35
733647,DISNEY BUENA VISTA HOME VIDEO,7/28/2018,1129258.34
733647,DISNEY BUENA VISTA HOME VIDEO,8/4/2018,1570185.32
733647,DISNEY BUENA VISTA HOME VIDEO,8/11/2018,1070536.3
733647,DISNEY BUENA VISTA HOME VIDEO,8/18/2018,14964236.69
733647,DISNEY BUENA VISTA HOME VIDEO,8/25/2018,4470043.7
733647,DISNEY BUENA VISTA HOME VIDEO,9/1/2018,2283909.9
733647,DISNEY BUENA VISTA HOME VIDEO,9/8/2018,1919461.99
733647,DISNEY BUENA VISTA HOME VIDEO,9/15/2018,1515970.56
733647,DISNEY BUENA VISTA HOME VIDEO,9/22/2018,1431702.19
733647,DISNEY BUENA VISTA HOME VIDEO,9/29/2018,7091688.25
733647,DISNEY BUENA VISTA HOME VIDEO,10/6/2018,3161022.02
733647,DISNEY BUENA VISTA HOME VIDEO,10/13/2018,2232878.14
733647,DISNEY BUENA VISTA HOME VIDEO,10/20/2018,6789468.04
733647,DISNEY BUENA VISTA HOME VIDEO,10/27/2018,2940637.73
733647,DISNEY BUENA VISTA HOME VIDEO,11/3/2018,2424958.97
733647,DISNEY BUENA VISTA HOME VIDEO,11/10/2018,10607215.9
733647,DISNEY BUENA VISTA HOME VIDEO,11/17/2018,4764657.32
733647,DISNEY BUENA VISTA HOME VIDEO,11/24/2018,8980670.44
733647,DISNEY BUENA VISTA HOME VIDEO,12/1/2018,2610762.08
733647,DISNEY BUENA VISTA HOME VIDEO,12/8/2018,3445547.71
733647,DISNEY BUENA VISTA HOME VIDEO,12/15/2018,4311314.71
733647,DISNEY BUENA VISTA HOME VIDEO,12/22/2018,6254051.06
733647,DISNEY BUENA VISTA HOME VIDEO,12/29/2018,3322797.13
541977,DIXIE EVERYDAY,1/6/2018,106279.78
541977,DIXIE EVERYDAY,1/13/2018,132202.58
541977,DIXIE EVERYDAY,1/20/2018,130888.53
541977,DIXIE EVERYDAY,1/27/2018,129031.3
541977,DIXIE EVERYDAY,2/3/2018,143135.47
541977,DIXIE EVERYDAY,2/10/2018,133060.48
541977,DIXIE EVERYDAY,2/17/2018,128684
541977,DIXIE EVERYDAY,2/24/2018,141333.09
541977,DIXIE EVERYDAY,3/3/2018,142423.23
541977,DIXIE EVERYDAY,3/10/2018,143091.23
541977,DIXIE EVERYDAY,3/17/2018,151979.88
541977,DIXIE EVERYDAY,3/24/2018,145068.56
541977,DIXIE EVERYDAY,3/31/2018,159164.04
541977,DIXIE EVERYDAY,4/7/2018,139954.08
541977,DIXIE EVERYDAY,4/14/2018,151107.8
541977,DIXIE EVERYDAY,4/21/2018,155254.14
541977,DIXIE EVERYDAY,4/28/2018,159808.92
541977,DIXIE EVERYDAY,5/5/2018,178319.79
541977,DIXIE EVERYDAY,5/12/2018,188280.51
541977,DIXIE EVERYDAY,5/19/2018,180037.38
541977,DIXIE EVERYDAY,5/26/2018,222258.12
541977,DIXIE EVERYDAY,6/2/2018,192827.53
541977,DIXIE EVERYDAY,6/9/2018,204449.42
541977,DIXIE EVERYDAY,6/16/2018,223805.54
541977,DIXIE EVERYDAY,6/23/2018,207323.65
541977,DIXIE EVERYDAY,6/30/2018,211048.9
541977,DIXIE EVERYDAY,7/7/2018,227103.34
541977,DIXIE EVERYDAY,7/14/2018,174774.1
541977,DIXIE EVERYDAY,7/21/2018,165596.12
541977,DIXIE EVERYDAY,7/28/2018,159814.03
541977,DIXIE EVERYDAY,8/4/2018,166771.25
541977,DIXIE EVERYDAY,8/11/2018,165419.5
541977,DIXIE EVERYDAY,8/18/2018,163855.03
541977,DIXIE EVERYDAY,8/25/2018,162843.6
541977,DIXIE EVERYDAY,9/1/2018,166738.52
541977,DIXIE EVERYDAY,9/8/2018,163481.12
541977,DIXIE EVERYDAY,9/15/2018,156554.69
541977,DIXIE EVERYDAY,9/22/2018,148867.32
541977,DIXIE EVERYDAY,9/29/2018,146221.31
541977,DIXIE EVERYDAY,10/6/2018,143642.66
541977,DIXIE EVERYDAY,10/13/2018,145687.89
541977,DIXIE EVERYDAY,10/20/2018,143589.59
541977,DIXIE EVERYDAY,10/27/2018,138738.92
541977,DIXIE EVERYDAY,11/3/2018,142688.73
541977,DIXIE EVERYDAY,11/10/2018,137638.24
541977,DIXIE EVERYDAY,11/17/2018,167646.6
541977,DIXIE EVERYDAY,11/24/2018,163170.59
541977,DIXIE EVERYDAY,12/1/2018,139654.98
541977,DIXIE EVERYDAY,12/8/2018,170710.61
541977,DIXIE EVERYDAY,12/15/2018,190754.48
541977,DIXIE EVERYDAY,12/22/2018,210764.4
541977,DIXIE EVERYDAY,12/29/2018,133562.7
544907,DURACELL,1/6/2018,8993658.84
544907,DURACELL,1/13/2018,7662683.76
544907,DURACELL,1/20/2018,7065904.29
544907,DURACELL,1/27/2018,6296742.3
544907,DURACELL,2/3/2018,6579707.17
544907,DURACELL,2/10/2018,6211148.2
544907,DURACELL,2/17/2018,6431341.65
544907,DURACELL,2/24/2018,6555285.76
544907,DURACELL,3/3/2018,7084163.7
544907,DURACELL,3/10/2018,7354385.37
544907,DURACELL,3/17/2018,7030407.04
544907,DURACELL,3/24/2018,6658942.27
544907,DURACELL,3/31/2018,6922852.33
544907,DURACELL,4/7/2018,6619831.83
544907,DURACELL,4/14/2018,6618738.79
544907,DURACELL,4/21/2018,6531344.3
544907,DURACELL,4/28/2018,6131358.63
544907,DURACELL,5/5/2018,6445658.02
544907,DURACELL,5/12/2018,6397827.35
544907,DURACELL,5/19/2018,6234300.85
544907,DURACELL,5/26/2018,6457546.69
544907,DURACELL,6/2/2018,6774847.89
544907,DURACELL,6/9/2018,6959928.06
544907,DURACELL,6/16/2018,6867354.81
544907,DURACELL,6/23/2018,6765465.49
544907,DURACELL,6/30/2018,7078822.72
544907,DURACELL,7/7/2018,7325076.52
544907,DURACELL,7/14/2018,6818354.99
544907,DURACELL,7/21/2018,6966386.42
544907,DURACELL,7/28/2018,6946707.17
544907,DURACELL,8/4/2018,7168543.05
544907,DURACELL,8/11/2018,7501822.71
544907,DURACELL,8/18/2018,7376834.2
544907,DURACELL,8/25/2018,7399856.25
544907,DURACELL,9/1/2018,7487770.54
544907,DURACELL,9/8/2018,7400869.08
544907,DURACELL,9/15/2018,9639917.73
544907,DURACELL,9/22/2018,7235215.96
544907,DURACELL,9/29/2018,7274058.51
544907,DURACELL,10/6/2018,7421002.37
544907,DURACELL,10/13/2018,7861511.93
544907,DURACELL,10/20/2018,8058409.79
544907,DURACELL,10/27/2018,7872184.26
544907,DURACELL,11/3/2018,8533527.72
544907,DURACELL,11/10/2018,8289537.47
544907,DURACELL,11/17/2018,9352742.12
544907,DURACELL,11/24/2018,11255448.42
544907,DURACELL,12/1/2018,12629563.47
544907,DURACELL,12/8/2018,12945538.38
544907,DURACELL,12/15/2018,12122941.42
544907,DURACELL,12/22/2018,14033236.06
544907,DURACELL,12/29/2018,15347999.18
687961,DURACELL QUANTUM,1/6/2018,860242.53
687961,DURACELL QUANTUM,1/13/2018,671643.34
687961,DURACELL QUANTUM,1/20/2018,641067.5
687961,DURACELL QUANTUM,1/27/2018,559400.37
687961,DURACELL QUANTUM,2/3/2018,587821.16
687961,DURACELL QUANTUM,2/10/2018,591339.19
687961,DURACELL QUANTUM,2/17/2018,593974.18
687961,DURACELL QUANTUM,2/24/2018,599953.36
687961,DURACELL QUANTUM,3/3/2018,652049.91
687961,DURACELL QUANTUM,3/10/2018,650105.17
687961,DURACELL QUANTUM,3/17/2018,627617.03
687961,DURACELL QUANTUM,3/24/2018,603300.71
687961,DURACELL QUANTUM,3/31/2018,674544.32
687961,DURACELL QUANTUM,4/7/2018,573284.17
687961,DURACELL QUANTUM,4/14/2018,572918.14
687961,DURACELL QUANTUM,4/21/2018,545110.39
687961,DURACELL QUANTUM,4/28/2018,531112.44
687961,DURACELL QUANTUM,5/5/2018,528909.46
687961,DURACELL QUANTUM,5/12/2018,543701.84
687961,DURACELL QUANTUM,5/19/2018,509964.21
687961,DURACELL QUANTUM,5/26/2018,556126.86
687961,DURACELL QUANTUM,6/2/2018,572568.4
687961,DURACELL QUANTUM,6/9/2018,586774.36
687961,DURACELL QUANTUM,6/16/2018,572355.4
687961,DURACELL QUANTUM,6/23/2018,581861.99
687961,DURACELL QUANTUM,6/30/2018,584235.61
687961,DURACELL QUANTUM,7/7/2018,633900.03
687961,DURACELL QUANTUM,7/14/2018,586101.08
687961,DURACELL QUANTUM,7/21/2018,593440.75
687961,DURACELL QUANTUM,7/28/2018,582983.75
687961,DURACELL QUANTUM,8/4/2018,607180.65
687961,DURACELL QUANTUM,8/11/2018,598076.2
687961,DURACELL QUANTUM,8/18/2018,663783.52
687961,DURACELL QUANTUM,8/25/2018,623663.3
687961,DURACELL QUANTUM,9/1/2018,610548.35
687961,DURACELL QUANTUM,9/8/2018,596737.99
687961,DURACELL QUANTUM,9/15/2018,948944.78
687961,DURACELL QUANTUM,9/22/2018,628664.13
687961,DURACELL QUANTUM,9/29/2018,565812.06
687961,DURACELL QUANTUM,10/6/2018,578496
687961,DURACELL QUANTUM,10/13/2018,598767.53
687961,DURACELL QUANTUM,10/20/2018,621214.03
687961,DURACELL QUANTUM,10/27/2018,594439.66
687961,DURACELL QUANTUM,11/3/2018,599561.71
687961,DURACELL QUANTUM,11/10/2018,585011.71
687961,DURACELL QUANTUM,11/17/2018,600420.83
687961,DURACELL QUANTUM,11/24/2018,682136.99
687961,DURACELL QUANTUM,12/1/2018,731177.72
687961,DURACELL QUANTUM,12/8/2018,737761.18
687961,DURACELL QUANTUM,12/15/2018,698281.53
687961,DURACELL QUANTUM,12/22/2018,763754.55
687961,DURACELL QUANTUM,12/29/2018,834500.16
544948,DURAFLAME,1/6/2018,2571770.91
544948,DURAFLAME,1/13/2018,1439215.14
544948,DURAFLAME,1/20/2018,1300079.88
544948,DURAFLAME,1/27/2018,902947.83
544948,DURAFLAME,2/3/2018,860958.62
544948,DURAFLAME,2/10/2018,840257.7
544948,DURAFLAME,2/17/2018,761052.21
544948,DURAFLAME,2/24/2018,872683.49
544948,DURAFLAME,3/3/2018,952903.48
544948,DURAFLAME,3/10/2018,1115639.22
544948,DURAFLAME,3/17/2018,819808.97
544948,DURAFLAME,3/24/2018,897000.62
544948,DURAFLAME,3/31/2018,584095.17
544948,DURAFLAME,4/7/2018,437143.07
544948,DURAFLAME,4/14/2018,397422.1
544948,DURAFLAME,4/21/2018,347575
544948,DURAFLAME,4/28/2018,199164.4
544948,DURAFLAME,5/5/2018,176818.55
544948,DURAFLAME,5/12/2018,140822.91
544948,DURAFLAME,5/19/2018,154121.11
544948,DURAFLAME,5/26/2018,161354.32
544948,DURAFLAME,6/2/2018,167770.99
544948,DURAFLAME,6/9/2018,116446.05
544948,DURAFLAME,6/16/2018,117265.16
544948,DURAFLAME,6/23/2018,106345.1
544948,DURAFLAME,6/30/2018,95579.34
544948,DURAFLAME,7/7/2018,127500.38
544948,DURAFLAME,7/14/2018,90572.39
544948,DURAFLAME,7/21/2018,74566.12
544948,DURAFLAME,7/28/2018,73380.56
544948,DURAFLAME,8/4/2018,76341.3
544948,DURAFLAME,8/11/2018,68765.61
544948,DURAFLAME,8/18/2018,64393.86
544948,DURAFLAME,8/25/2018,77473.16
544948,DURAFLAME,9/1/2018,89971.31
544948,DURAFLAME,9/8/2018,98480.95
544948,DURAFLAME,9/15/2018,130518.39
544948,DURAFLAME,9/22/2018,131314.97
544948,DURAFLAME,9/29/2018,201839.75
544948,DURAFLAME,10/6/2018,267856.92
544948,DURAFLAME,10/13/2018,416499.56
544948,DURAFLAME,10/20/2018,611407.78
544948,DURAFLAME,10/27/2018,635776.1
544948,DURAFLAME,11/3/2018,672237.19
544948,DURAFLAME,11/10/2018,808482.42
544948,DURAFLAME,11/17/2018,1201254.02
544948,DURAFLAME,11/24/2018,1623745.1
544948,DURAFLAME,12/1/2018,1317775
544948,DURAFLAME,12/8/2018,1385517.42
544948,DURAFLAME,12/15/2018,1421845.32
544948,DURAFLAME,12/22/2018,1497385.26
544948,DURAFLAME,12/29/2018,2037260.21
545320,DYSON,1/6/2018,361802.91
545320,DYSON,1/13/2018,445490.56
545320,DYSON,1/20/2018,414660.18
545320,DYSON,1/27/2018,271880.66
545320,DYSON,2/3/2018,250887.67
545320,DYSON,2/10/2018,219776.57
545320,DYSON,2/17/2018,206786.93
545320,DYSON,2/24/2018,200015.23
545320,DYSON,3/3/2018,141224.53
545320,DYSON,3/10/2018,129337.85
545320,DYSON,3/17/2018,194323.72
545320,DYSON,3/24/2018,270700.1
545320,DYSON,3/31/2018,317361.93
545320,DYSON,4/7/2018,403243.73
545320,DYSON,4/14/2018,363488.37
545320,DYSON,4/21/2018,376642.82
545320,DYSON,4/28/2018,563088.09
545320,DYSON,5/5/2018,501149.35
545320,DYSON,5/12/2018,667628.49
545320,DYSON,5/19/2018,460419.18
545320,DYSON,5/26/2018,450500.86
545320,DYSON,6/2/2018,505791.85
545320,DYSON,6/9/2018,433664.26
545320,DYSON,6/16/2018,477537.5
545320,DYSON,6/23/2018,387170.62
545320,DYSON,6/30/2018,481145.79
545320,DYSON,7/7/2018,520680.32
545320,DYSON,7/14/2018,446217.51
545320,DYSON,7/21/2018,455676.1
545320,DYSON,7/28/2018,350917.08
545320,DYSON,8/4/2018,386380.66
545320,DYSON,8/11/2018,485674.79
545320,DYSON,8/18/2018,407936.61
545320,DYSON,8/25/2018,583398.43
545320,DYSON,9/1/2018,540984.96
545320,DYSON,9/8/2018,554296.2
545320,DYSON,9/15/2018,518833.34
545320,DYSON,9/22/2018,424224.33
545320,DYSON,9/29/2018,810348.96
545320,DYSON,10/6/2018,408596.53
545320,DYSON,10/13/2018,427397.94
545320,DYSON,10/20/2018,444974.75
545320,DYSON,10/27/2018,453040.22
545320,DYSON,11/3/2018,585261.95
545320,DYSON,11/10/2018,764858.29
545320,DYSON,11/17/2018,505839.63
545320,DYSON,11/24/2018,3770043.86
545320,DYSON,12/1/2018,813721.76
545320,DYSON,12/8/2018,644442.86
545320,DYSON,12/15/2018,758259.87
545320,DYSON,12/22/2018,1413004.31
545320,DYSON,12/29/2018,955997.9
548436,ENERGIZER,1/6/2018,10235084.73
548436,ENERGIZER,1/13/2018,8316083.1
548436,ENERGIZER,1/20/2018,7881640.94
548436,ENERGIZER,1/27/2018,7376391.95
548436,ENERGIZER,2/3/2018,7079145
548436,ENERGIZER,2/10/2018,6903973.72
548436,ENERGIZER,2/17/2018,7247698.21
548436,ENERGIZER,2/24/2018,7427358.72
548436,ENERGIZER,3/3/2018,7687388.16
548436,ENERGIZER,3/10/2018,7989298.91
548436,ENERGIZER,3/17/2018,7554410.65
548436,ENERGIZER,3/24/2018,7517498.65
548436,ENERGIZER,3/31/2018,7762631.15
548436,ENERGIZER,4/7/2018,6823014.2
548436,ENERGIZER,4/14/2018,7074793.04
548436,ENERGIZER,4/21/2018,7196118.37
548436,ENERGIZER,4/28/2018,6995822.84
548436,ENERGIZER,5/5/2018,6939161.71
548436,ENERGIZER,5/12/2018,7022602.68
548436,ENERGIZER,5/19/2018,6910055.59
548436,ENERGIZER,5/26/2018,7330308.41
548436,ENERGIZER,6/2/2018,7611384.69
548436,ENERGIZER,6/9/2018,7574530.19
548436,ENERGIZER,6/16/2018,7497562.39
548436,ENERGIZER,6/23/2018,7587571.48
548436,ENERGIZER,6/30/2018,7734884.42
548436,ENERGIZER,7/7/2018,8083602.99
548436,ENERGIZER,7/14/2018,7890275.5
548436,ENERGIZER,7/21/2018,7816462.63
548436,ENERGIZER,7/28/2018,7920607.84
548436,ENERGIZER,8/4/2018,8344509.95
548436,ENERGIZER,8/11/2018,8363152.59
548436,ENERGIZER,8/18/2018,8721587.08
548436,ENERGIZER,8/25/2018,8905081.8
548436,ENERGIZER,9/1/2018,8440314.91
548436,ENERGIZER,9/8/2018,8742285.41
548436,ENERGIZER,9/15/2018,10909722.52
548436,ENERGIZER,9/22/2018,8269270.75
548436,ENERGIZER,9/29/2018,8249231.02
548436,ENERGIZER,10/6/2018,8877877.52
548436,ENERGIZER,10/13/2018,9445882.1
548436,ENERGIZER,10/20/2018,9406965.78
548436,ENERGIZER,10/27/2018,9335435.09
548436,ENERGIZER,11/3/2018,9694338.51
548436,ENERGIZER,11/10/2018,9604527.93
548436,ENERGIZER,11/17/2018,10063076.61
548436,ENERGIZER,11/24/2018,11461950.69
548436,ENERGIZER,12/1/2018,12988099.28
548436,ENERGIZER,12/8/2018,13604029.5
548436,ENERGIZER,12/15/2018,13159710.11
548436,ENERGIZER,12/22/2018,15254459.92
548436,ENERGIZER,12/29/2018,17011718.96
550090,EVEREADY GOLD,1/6/2018,409973.04
550090,EVEREADY GOLD,1/13/2018,327347.83
550090,EVEREADY GOLD,1/20/2018,300357.82
550090,EVEREADY GOLD,1/27/2018,293430.33
550090,EVEREADY GOLD,2/3/2018,302274.81
550090,EVEREADY GOLD,2/10/2018,288730.37
550090,EVEREADY GOLD,2/17/2018,294172.6
550090,EVEREADY GOLD,2/24/2018,326604.85
550090,EVEREADY GOLD,3/3/2018,375809.95
550090,EVEREADY GOLD,3/10/2018,361149.71
550090,EVEREADY GOLD,3/17/2018,340825.66
550090,EVEREADY GOLD,3/24/2018,328661.39
550090,EVEREADY GOLD,3/31/2018,339452.38
550090,EVEREADY GOLD,4/7/2018,330273.97
550090,EVEREADY GOLD,4/14/2018,317968.61
550090,EVEREADY GOLD,4/21/2018,312393.62
550090,EVEREADY GOLD,4/28/2018,299737.53
550090,EVEREADY GOLD,5/5/2018,333705.74
550090,EVEREADY GOLD,5/12/2018,304286.94
550090,EVEREADY GOLD,5/19/2018,307244.43
550090,EVEREADY GOLD,5/26/2018,324276.32
550090,EVEREADY GOLD,6/2/2018,344546.61
550090,EVEREADY GOLD,6/9/2018,344024.97
550090,EVEREADY GOLD,6/16/2018,341821.26
550090,EVEREADY GOLD,6/23/2018,328745.25
550090,EVEREADY GOLD,6/30/2018,347671.87
550090,EVEREADY GOLD,7/7/2018,367716.06
550090,EVEREADY GOLD,7/14/2018,327993.47
550090,EVEREADY GOLD,7/21/2018,331841.61
550090,EVEREADY GOLD,7/28/2018,327659.12
550090,EVEREADY GOLD,8/4/2018,360175.39
550090,EVEREADY GOLD,8/11/2018,343689.02
550090,EVEREADY GOLD,8/18/2018,338777.5
550090,EVEREADY GOLD,8/25/2018,335461.87
550090,EVEREADY GOLD,9/1/2018,354776.02
550090,EVEREADY GOLD,9/8/2018,370703.94
550090,EVEREADY GOLD,9/15/2018,530387.77
550090,EVEREADY GOLD,9/22/2018,333612.08
550090,EVEREADY GOLD,9/29/2018,347275.96
550090,EVEREADY GOLD,10/6/2018,400270.45
550090,EVEREADY GOLD,10/13/2018,470104.7
550090,EVEREADY GOLD,10/20/2018,427684.92
550090,EVEREADY GOLD,10/27/2018,379278.77
550090,EVEREADY GOLD,11/3/2018,414940.87
550090,EVEREADY GOLD,11/10/2018,410095.02
550090,EVEREADY GOLD,11/17/2018,400018.99
550090,EVEREADY GOLD,11/24/2018,447934.64
550090,EVEREADY GOLD,12/1/2018,486794.25
550090,EVEREADY GOLD,12/8/2018,540081.08
550090,EVEREADY GOLD,12/15/2018,490627.75
550090,EVEREADY GOLD,12/22/2018,568467.57
550090,EVEREADY GOLD,12/29/2018,912208.63
558929,GENERAL ELECTRIC,1/6/2018,5171500.1
558929,GENERAL ELECTRIC,1/13/2018,5132960.62
558929,GENERAL ELECTRIC,1/20/2018,4942670.69
558929,GENERAL ELECTRIC,1/27/2018,4735699.2
558929,GENERAL ELECTRIC,2/3/2018,4819710.98
558929,GENERAL ELECTRIC,2/10/2018,4481640.49
558929,GENERAL ELECTRIC,2/17/2018,4500616.16
558929,GENERAL ELECTRIC,2/24/2018,4586625.45
558929,GENERAL ELECTRIC,3/3/2018,4676554.66
558929,GENERAL ELECTRIC,3/10/2018,4410545.81
558929,GENERAL ELECTRIC,3/17/2018,4235243.08
558929,GENERAL ELECTRIC,3/24/2018,4061793.14
558929,GENERAL ELECTRIC,3/31/2018,4231481.24
558929,GENERAL ELECTRIC,4/7/2018,3836119.86
558929,GENERAL ELECTRIC,4/14/2018,3973443.03
558929,GENERAL ELECTRIC,4/21/2018,3868268.63
558929,GENERAL ELECTRIC,4/28/2018,3661799.48
558929,GENERAL ELECTRIC,5/5/2018,3554113.38
558929,GENERAL ELECTRIC,5/12/2018,3445982.29
558929,GENERAL ELECTRIC,5/19/2018,3347160.8
558929,GENERAL ELECTRIC,5/26/2018,3446017.23
558929,GENERAL ELECTRIC,6/2/2018,3473926.54
558929,GENERAL ELECTRIC,6/9/2018,3324209.38
558929,GENERAL ELECTRIC,6/16/2018,3300413.08
558929,GENERAL ELECTRIC,6/23/2018,3169945.12
558929,GENERAL ELECTRIC,6/30/2018,3317095.41
558929,GENERAL ELECTRIC,7/7/2018,3349171.2
558929,GENERAL ELECTRIC,7/14/2018,3158206.78
558929,GENERAL ELECTRIC,7/21/2018,3208293.4
558929,GENERAL ELECTRIC,7/28/2018,3280182.43
558929,GENERAL ELECTRIC,8/4/2018,3553817.63
558929,GENERAL ELECTRIC,8/11/2018,3685843.98
558929,GENERAL ELECTRIC,8/18/2018,4016476.08
558929,GENERAL ELECTRIC,8/25/2018,4093547.36
558929,GENERAL ELECTRIC,9/1/2018,3766978.38
558929,GENERAL ELECTRIC,9/8/2018,3891135.48
558929,GENERAL ELECTRIC,9/15/2018,3797833.14
558929,GENERAL ELECTRIC,9/22/2018,3677420.58
558929,GENERAL ELECTRIC,9/29/2018,3668821.1
558929,GENERAL ELECTRIC,10/6/2018,3941796.24
558929,GENERAL ELECTRIC,10/13/2018,4058689.81
558929,GENERAL ELECTRIC,10/20/2018,4100387.26
558929,GENERAL ELECTRIC,10/27/2018,4075773.6
558929,GENERAL ELECTRIC,11/3/2018,4299770.28
558929,GENERAL ELECTRIC,11/10/2018,4390643.98
558929,GENERAL ELECTRIC,11/17/2018,4545673.52
558929,GENERAL ELECTRIC,11/24/2018,5179668.06
558929,GENERAL ELECTRIC,12/1/2018,4605107.53
558929,GENERAL ELECTRIC,12/8/2018,4707320.98
558929,GENERAL ELECTRIC,12/15/2018,4492375.24
558929,GENERAL ELECTRIC,12/22/2018,4979862.6
558929,GENERAL ELECTRIC,12/29/2018,4519544.61
560405,GLADE,1/6/2018,983762.2
560405,GLADE,1/13/2018,948629.91
560405,GLADE,1/20/2018,934561.08
560405,GLADE,1/27/2018,891430.85
560405,GLADE,2/3/2018,910973.13
560405,GLADE,2/10/2018,899151.38
560405,GLADE,2/17/2018,909445.08
560405,GLADE,2/24/2018,1002343.98
560405,GLADE,3/3/2018,1110722.46
560405,GLADE,3/10/2018,1047117.88
560405,GLADE,3/17/2018,979052.87
560405,GLADE,3/24/2018,969573.69
560405,GLADE,3/31/2018,1024838.45
560405,GLADE,4/7/2018,936269.37
560405,GLADE,4/14/2018,939499.37
560405,GLADE,4/21/2018,951692.42
560405,GLADE,4/28/2018,869250.13
560405,GLADE,5/5/2018,851318.74
560405,GLADE,5/12/2018,806213.34
560405,GLADE,5/19/2018,812960.73
560405,GLADE,5/26/2018,795199.2
560405,GLADE,6/2/2018,742334.12
560405,GLADE,6/9/2018,675758.53
560405,GLADE,6/16/2018,649718.59
560405,GLADE,6/23/2018,613658.45
560405,GLADE,6/30/2018,648967.96
560405,GLADE,7/7/2018,666713.15
560405,GLADE,7/14/2018,619573.34
560405,GLADE,7/21/2018,637793.7
560405,GLADE,7/28/2018,698105.01
560405,GLADE,8/4/2018,798238.05
560405,GLADE,8/11/2018,781631.2
560405,GLADE,8/18/2018,817719.88
560405,GLADE,8/25/2018,844514.59
560405,GLADE,9/1/2018,921280.4
560405,GLADE,9/8/2018,1030819.64
560405,GLADE,9/15/2018,1312711.73
560405,GLADE,9/22/2018,1237589.09
560405,GLADE,9/29/2018,1360378.21
560405,GLADE,10/6/2018,1551353.48
560405,GLADE,10/13/2018,1508456.15
560405,GLADE,10/20/2018,1493530.56
560405,GLADE,10/27/2018,1444168.23
560405,GLADE,11/3/2018,1746798.51
560405,GLADE,11/10/2018,1887096.51
560405,GLADE,11/17/2018,1851212.31
560405,GLADE,11/24/2018,1972074.53
560405,GLADE,12/1/2018,1617378.64
560405,GLADE,12/8/2018,1588506.23
560405,GLADE,12/15/2018,1578770.82
560405,GLADE,12/22/2018,1788283.38
560405,GLADE,12/29/2018,2046284.49
561878,GOOD COOK,1/6/2018,1857057.35
561878,GOOD COOK,1/13/2018,1529032.21
561878,GOOD COOK,1/20/2018,1500805.42
561878,GOOD COOK,1/27/2018,1392875.52
561878,GOOD COOK,2/3/2018,1394067.93
561878,GOOD COOK,2/10/2018,1529255.56
561878,GOOD COOK,2/17/2018,1448386.21
561878,GOOD COOK,2/24/2018,1399510.05
561878,GOOD COOK,3/3/2018,1335736.09
561878,GOOD COOK,3/10/2018,1383791.5
561878,GOOD COOK,3/17/2018,1387303.64
561878,GOOD COOK,3/24/2018,1354665.53
561878,GOOD COOK,3/31/2018,1481842.27
561878,GOOD COOK,4/7/2018,1577528.66
561878,GOOD COOK,4/14/2018,1324080.53
561878,GOOD COOK,4/21/2018,1298119.2
561878,GOOD COOK,4/28/2018,1270471.84
561878,GOOD COOK,5/5/2018,1295365.22
561878,GOOD COOK,5/12/2018,1365951.67
561878,GOOD COOK,5/19/2018,1390399.55
561878,GOOD COOK,5/26/2018,1386753.1
561878,GOOD COOK,6/2/2018,1525429.55
561878,GOOD COOK,6/9/2018,1388280.86
561878,GOOD COOK,6/16/2018,1414501.53
561878,GOOD COOK,6/23/2018,1428496.4
561878,GOOD COOK,6/30/2018,1380299.82
561878,GOOD COOK,7/7/2018,1701798.89
561878,GOOD COOK,7/14/2018,1532335.09
561878,GOOD COOK,7/21/2018,1467270.04
561878,GOOD COOK,7/28/2018,1445523.31
561878,GOOD COOK,8/4/2018,1449166.28
561878,GOOD COOK,8/11/2018,1624851.96
561878,GOOD COOK,8/18/2018,1479132.59
561878,GOOD COOK,8/25/2018,1502399.84
561878,GOOD COOK,9/1/2018,1486328.64
561878,GOOD COOK,9/8/2018,1592685.91
561878,GOOD COOK,9/15/2018,1451667.07
561878,GOOD COOK,9/22/2018,1376020.09
561878,GOOD COOK,9/29/2018,1377045.76
561878,GOOD COOK,10/6/2018,1381528.2
561878,GOOD COOK,10/13/2018,1419235.41
561878,GOOD COOK,10/20/2018,1437770.39
561878,GOOD COOK,10/27/2018,1483805.82
561878,GOOD COOK,11/3/2018,1561129.4
561878,GOOD COOK,11/10/2018,1627647.07
561878,GOOD COOK,11/17/2018,2000077.95
561878,GOOD COOK,11/24/2018,4213698.21
561878,GOOD COOK,12/1/2018,3236098.98
561878,GOOD COOK,12/8/2018,1724194.54
561878,GOOD COOK,12/15/2018,1841947.76
561878,GOOD COOK,12/22/2018,2301638.38
561878,GOOD COOK,12/29/2018,3246349.52
565835,HANDI-FOIL,1/6/2018,1047279.12
565835,HANDI-FOIL,1/13/2018,750117.47
565835,HANDI-FOIL,1/20/2018,776519.56
565835,HANDI-FOIL,1/27/2018,746699.37
565835,HANDI-FOIL,2/3/2018,898749.25
565835,HANDI-FOIL,2/10/2018,1101641.62
565835,HANDI-FOIL,2/17/2018,1038793.19
565835,HANDI-FOIL,2/24/2018,906405.54
565835,HANDI-FOIL,3/3/2018,894346.98
565835,HANDI-FOIL,3/10/2018,925851.29
565835,HANDI-FOIL,3/17/2018,1011527.93
565835,HANDI-FOIL,3/24/2018,1015290.45
565835,HANDI-FOIL,3/31/2018,1622514.96
565835,HANDI-FOIL,4/7/2018,1300740.87
565835,HANDI-FOIL,4/14/2018,934010.94
565835,HANDI-FOIL,4/21/2018,957138.38
565835,HANDI-FOIL,4/28/2018,951428.07
565835,HANDI-FOIL,5/5/2018,998160.74
565835,HANDI-FOIL,5/12/2018,1097175.09
565835,HANDI-FOIL,5/19/2018,1087910.85
565835,HANDI-FOIL,5/26/2018,1213234.17
565835,HANDI-FOIL,6/2/2018,1307794.6
565835,HANDI-FOIL,6/9/2018,1043782.19
565835,HANDI-FOIL,6/16/2018,1149637.79
565835,HANDI-FOIL,6/23/2018,1084496.56
565835,HANDI-FOIL,6/30/2018,1080303.08
565835,HANDI-FOIL,7/7/2018,1681963.65
565835,HANDI-FOIL,7/14/2018,1079453.81
565835,HANDI-FOIL,7/21/2018,1039187.05
565835,HANDI-FOIL,7/28/2018,1088466.58
565835,HANDI-FOIL,8/4/2018,1099137.43
565835,HANDI-FOIL,8/11/2018,1107403.47
565835,HANDI-FOIL,8/18/2018,1137174.55
565835,HANDI-FOIL,8/25/2018,1167643.97
565835,HANDI-FOIL,9/1/2018,1275306.29
565835,HANDI-FOIL,9/8/2018,1394575.16
565835,HANDI-FOIL,9/15/2018,1201854.12
565835,HANDI-FOIL,9/22/2018,1157509.45
565835,HANDI-FOIL,9/29/2018,1180791.83
565835,HANDI-FOIL,10/6/2018,1209044.77
565835,HANDI-FOIL,10/13/2018,1255144.14
565835,HANDI-FOIL,10/20/2018,1288724.8
565835,HANDI-FOIL,10/27/2018,1344044.56
565835,HANDI-FOIL,11/3/2018,1769022.96
565835,HANDI-FOIL,11/10/2018,1563502.34
565835,HANDI-FOIL,11/17/2018,2780707.41
565835,HANDI-FOIL,11/24/2018,6974324.18
565835,HANDI-FOIL,12/1/2018,2092846.75
565835,HANDI-FOIL,12/8/2018,1518025.58
565835,HANDI-FOIL,12/15/2018,1943526
565835,HANDI-FOIL,12/22/2018,3363409.14
565835,HANDI-FOIL,12/29/2018,3641865.12
565839,HANDI-FOIL ULTIMATES,1/6/2018,1357838.34
565839,HANDI-FOIL ULTIMATES,1/13/2018,802817.76
565839,HANDI-FOIL ULTIMATES,1/20/2018,850210.99
565839,HANDI-FOIL ULTIMATES,1/27/2018,830211.77
565839,HANDI-FOIL ULTIMATES,2/3/2018,1005661.59
565839,HANDI-FOIL ULTIMATES,2/10/2018,1324345.47
565839,HANDI-FOIL ULTIMATES,2/17/2018,1063179.25
565839,HANDI-FOIL ULTIMATES,2/24/2018,998535.23
565839,HANDI-FOIL ULTIMATES,3/3/2018,1009083.47
565839,HANDI-FOIL ULTIMATES,3/10/2018,1043691.05
565839,HANDI-FOIL ULTIMATES,3/17/2018,1113283.06
565839,HANDI-FOIL ULTIMATES,3/24/2018,1174152.79
565839,HANDI-FOIL ULTIMATES,3/31/2018,2205972.31
565839,HANDI-FOIL ULTIMATES,4/7/2018,1996227.43
565839,HANDI-FOIL ULTIMATES,4/14/2018,1081949.67
565839,HANDI-FOIL ULTIMATES,4/21/2018,1107052.25
565839,HANDI-FOIL ULTIMATES,4/28/2018,1118140.3
565839,HANDI-FOIL ULTIMATES,5/5/2018,1200039.43
565839,HANDI-FOIL ULTIMATES,5/12/2018,1364997.95
565839,HANDI-FOIL ULTIMATES,5/19/2018,1383848.45
565839,HANDI-FOIL ULTIMATES,5/26/2018,1500208.56
565839,HANDI-FOIL ULTIMATES,6/2/2018,1824742.15
565839,HANDI-FOIL ULTIMATES,6/9/2018,1316890.94
565839,HANDI-FOIL ULTIMATES,6/16/2018,1433145.4
565839,HANDI-FOIL ULTIMATES,6/23/2018,1385841.9
565839,HANDI-FOIL ULTIMATES,6/30/2018,1309405.27
565839,HANDI-FOIL ULTIMATES,7/7/2018,2349590.21
565839,HANDI-FOIL ULTIMATES,7/14/2018,1358780.49
565839,HANDI-FOIL ULTIMATES,7/21/2018,1188819.62
565839,HANDI-FOIL ULTIMATES,7/28/2018,1247943.7
565839,HANDI-FOIL ULTIMATES,8/4/2018,1251199.89
565839,HANDI-FOIL ULTIMATES,8/11/2018,1283781.48
565839,HANDI-FOIL ULTIMATES,8/18/2018,1311221.51
565839,HANDI-FOIL ULTIMATES,8/25/2018,1324494.79
565839,HANDI-FOIL ULTIMATES,9/1/2018,1464440.18
565839,HANDI-FOIL ULTIMATES,9/8/2018,1713286.42
565839,HANDI-FOIL ULTIMATES,9/15/2018,1323928.69
565839,HANDI-FOIL ULTIMATES,9/22/2018,1216999.53
565839,HANDI-FOIL ULTIMATES,9/29/2018,1210817.63
565839,HANDI-FOIL ULTIMATES,10/6/2018,1244574.2
565839,HANDI-FOIL ULTIMATES,10/13/2018,1247366.69
565839,HANDI-FOIL ULTIMATES,10/20/2018,1259090.05
565839,HANDI-FOIL ULTIMATES,10/27/2018,1350069.04
565839,HANDI-FOIL ULTIMATES,11/3/2018,1972108.29
565839,HANDI-FOIL ULTIMATES,11/10/2018,1995890.57
565839,HANDI-FOIL ULTIMATES,11/17/2018,5068374.48
565839,HANDI-FOIL ULTIMATES,11/24/2018,15772176.16
565839,HANDI-FOIL ULTIMATES,12/1/2018,4393436.6
565839,HANDI-FOIL ULTIMATES,12/8/2018,1505732.47
565839,HANDI-FOIL ULTIMATES,12/15/2018,1942795.83
565839,HANDI-FOIL ULTIMATES,12/22/2018,4063211.08
565839,HANDI-FOIL ULTIMATES,12/29/2018,6387373.26
569063,HEWLETT PACKARD,1/6/2018,2866855.48
569063,HEWLETT PACKARD,1/13/2018,4005423.24
569063,HEWLETT PACKARD,1/20/2018,3490393.21
569063,HEWLETT PACKARD,1/27/2018,3457157.89
569063,HEWLETT PACKARD,2/3/2018,3721596.35
569063,HEWLETT PACKARD,2/10/2018,3657417.73
569063,HEWLETT PACKARD,2/17/2018,3621216.83
569063,HEWLETT PACKARD,2/24/2018,3522930.27
569063,HEWLETT PACKARD,3/3/2018,3735436.05
569063,HEWLETT PACKARD,3/10/2018,3577108.76
569063,HEWLETT PACKARD,3/17/2018,3444568.54
569063,HEWLETT PACKARD,3/24/2018,3401601.47
569063,HEWLETT PACKARD,3/31/2018,3408479.22
569063,HEWLETT PACKARD,4/7/2018,3332052.9
569063,HEWLETT PACKARD,4/14/2018,4470652.63
569063,HEWLETT PACKARD,4/21/2018,3453531.63
569063,HEWLETT PACKARD,4/28/2018,3020196.44
569063,HEWLETT PACKARD,5/5/2018,2976679.09
569063,HEWLETT PACKARD,5/12/2018,2969200.35
569063,HEWLETT PACKARD,5/19/2018,2842570.12
569063,HEWLETT PACKARD,5/26/2018,2721837.73
569063,HEWLETT PACKARD,6/2/2018,2752044.88
569063,HEWLETT PACKARD,6/9/2018,2904724.35
569063,HEWLETT PACKARD,6/16/2018,2791305.92
569063,HEWLETT PACKARD,6/23/2018,2657430.07
569063,HEWLETT PACKARD,6/30/2018,2649680.53
569063,HEWLETT PACKARD,7/7/2018,2470174.71
569063,HEWLETT PACKARD,7/14/2018,2734317.6
569063,HEWLETT PACKARD,7/21/2018,3551014.1
569063,HEWLETT PACKARD,7/28/2018,2847333.45
569063,HEWLETT PACKARD,8/4/2018,3182206.68
569063,HEWLETT PACKARD,8/11/2018,3264049.93
569063,HEWLETT PACKARD,8/18/2018,3338146.07
569063,HEWLETT PACKARD,8/25/2018,3601960.85
569063,HEWLETT PACKARD,9/1/2018,3466937.05
569063,HEWLETT PACKARD,9/8/2018,3403526.38
569063,HEWLETT PACKARD,9/15/2018,3248095.24
569063,HEWLETT PACKARD,9/22/2018,3125806.68
569063,HEWLETT PACKARD,9/29/2018,3021386.03
569063,HEWLETT PACKARD,10/6/2018,3178020.79
569063,HEWLETT PACKARD,10/13/2018,3472525.82
569063,HEWLETT PACKARD,10/20/2018,3157999.58
569063,HEWLETT PACKARD,10/27/2018,3059922.33
569063,HEWLETT PACKARD,11/3/2018,3163107.84
569063,HEWLETT PACKARD,11/10/2018,3008921.88
569063,HEWLETT PACKARD,11/17/2018,2887997.74
569063,HEWLETT PACKARD,11/24/2018,2434550.42
569063,HEWLETT PACKARD,12/1/2018,3072913.79
569063,HEWLETT PACKARD,12/8/2018,3381938.04
569063,HEWLETT PACKARD,12/15/2018,3296695.12
569063,HEWLETT PACKARD,12/22/2018,3308736.04
569063,HEWLETT PACKARD,12/29/2018,2306107.04
571447,HOT SHOT,1/6/2018,241001.94
571447,HOT SHOT,1/13/2018,252604.84
571447,HOT SHOT,1/20/2018,213635.46
571447,HOT SHOT,1/27/2018,226346.77
571447,HOT SHOT,2/3/2018,252365.44
571447,HOT SHOT,2/10/2018,238970.46
571447,HOT SHOT,2/17/2018,245080.69
571447,HOT SHOT,2/24/2018,311715.95
571447,HOT SHOT,3/3/2018,373559.38
571447,HOT SHOT,3/10/2018,334837.65
571447,HOT SHOT,3/17/2018,340230.78
571447,HOT SHOT,3/24/2018,387288.64
571447,HOT SHOT,3/31/2018,444420.99
571447,HOT SHOT,4/7/2018,487318.89
571447,HOT SHOT,4/14/2018,463992.09
571447,HOT SHOT,4/21/2018,457690.06
571447,HOT SHOT,4/28/2018,511063.2
571447,HOT SHOT,5/5/2018,728021.06
571447,HOT SHOT,5/12/2018,745905
571447,HOT SHOT,5/19/2018,708066.32
571447,HOT SHOT,5/26/2018,789400.25
571447,HOT SHOT,6/2/2018,975432.78
571447,HOT SHOT,6/9/2018,980069.6
571447,HOT SHOT,6/16/2018,1019037.81
571447,HOT SHOT,6/23/2018,1007975.08
571447,HOT SHOT,6/30/2018,1056015.22
571447,HOT SHOT,7/7/2018,1216305.09
571447,HOT SHOT,7/14/2018,1226902.72
571447,HOT SHOT,7/21/2018,1150990.18
571447,HOT SHOT,7/28/2018,1088878.38
571447,HOT SHOT,8/4/2018,1187598.15
571447,HOT SHOT,8/11/2018,1168714.39
571447,HOT SHOT,8/18/2018,1089074.84
571447,HOT SHOT,8/25/2018,1053260.19
571447,HOT SHOT,9/1/2018,1168856.67
571447,HOT SHOT,9/8/2018,1161054.76
571447,HOT SHOT,9/15/2018,995643.82
571447,HOT SHOT,9/22/2018,1033645.95
571447,HOT SHOT,9/29/2018,907243.42
571447,HOT SHOT,10/6/2018,1035894.09
571447,HOT SHOT,10/13/2018,885879.96
571447,HOT SHOT,10/20/2018,661996.68
571447,HOT SHOT,10/27/2018,555831.77
571447,HOT SHOT,11/3/2018,615590.21
571447,HOT SHOT,11/10/2018,541300.62
571447,HOT SHOT,11/17/2018,423015.06
571447,HOT SHOT,11/24/2018,405455.85
571447,HOT SHOT,12/1/2018,387627.77
571447,HOT SHOT,12/8/2018,373477.76
571447,HOT SHOT,12/15/2018,298772.86
571447,HOT SHOT,12/22/2018,297813.45
571447,HOT SHOT,12/29/2018,279316.87
578558,JUST WIRELESS,1/6/2018,498408.59
578558,JUST WIRELESS,1/13/2018,458755.03
578558,JUST WIRELESS,1/20/2018,445652.91
578558,JUST WIRELESS,1/27/2018,431283.81
578558,JUST WIRELESS,2/3/2018,467007.33
578558,JUST WIRELESS,2/10/2018,461217.56
578558,JUST WIRELESS,2/17/2018,481690.61
578558,JUST WIRELESS,2/24/2018,466096.81
578558,JUST WIRELESS,3/3/2018,515573.17
578558,JUST WIRELESS,3/10/2018,509797.61
578558,JUST WIRELESS,3/17/2018,506923.38
578558,JUST WIRELESS,3/24/2018,557450.49
578558,JUST WIRELESS,3/31/2018,528055.22
578558,JUST WIRELESS,4/7/2018,486783.01
578558,JUST WIRELESS,4/14/2018,496315.46
578558,JUST WIRELESS,4/21/2018,498134.22
578558,JUST WIRELESS,4/28/2018,500238.49
578558,JUST WIRELESS,5/5/2018,512141.69
578558,JUST WIRELESS,5/12/2018,498930.13
578558,JUST WIRELESS,5/19/2018,494648.64
578558,JUST WIRELESS,5/26/2018,496688.77
578558,JUST WIRELESS,6/2/2018,519225.25
578558,JUST WIRELESS,6/9/2018,594483.23
578558,JUST WIRELESS,6/16/2018,679223.59
578558,JUST WIRELESS,6/23/2018,694317.97
578558,JUST WIRELESS,6/30/2018,671605.54
578558,JUST WIRELESS,7/7/2018,637713.84
578558,JUST WIRELESS,7/14/2018,663859.46
578558,JUST WIRELESS,7/21/2018,668429.3
578558,JUST WIRELESS,7/28/2018,658518.04
578558,JUST WIRELESS,8/4/2018,631924.37
578558,JUST WIRELESS,8/11/2018,564004.57
578558,JUST WIRELESS,8/18/2018,579371.96
578558,JUST WIRELESS,8/25/2018,559706.48
578558,JUST WIRELESS,9/1/2018,563526.07
578558,JUST WIRELESS,9/8/2018,557741.98
578558,JUST WIRELESS,9/15/2018,652156.4
578558,JUST WIRELESS,9/22/2018,556648.89
578558,JUST WIRELESS,9/29/2018,562229.8
578558,JUST WIRELESS,10/6/2018,648089.88
578558,JUST WIRELESS,10/13/2018,601908.78
578558,JUST WIRELESS,10/20/2018,578436.43
578558,JUST WIRELESS,10/27/2018,559380.59
578558,JUST WIRELESS,11/3/2018,569249.27
578558,JUST WIRELESS,11/10/2018,578814.09
578558,JUST WIRELESS,11/17/2018,547265.61
578558,JUST WIRELESS,11/24/2018,570091.85
578558,JUST WIRELESS,12/1/2018,642177.95
578558,JUST WIRELESS,12/8/2018,620436.64
578558,JUST WIRELESS,12/15/2018,748623.6
578558,JUST WIRELESS,12/22/2018,1144825.95
578558,JUST WIRELESS,12/29/2018,1018292.76
581335,KINGSFORD,1/6/2018,1714071.3
581335,KINGSFORD,1/13/2018,1200976.88
581335,KINGSFORD,1/20/2018,1412929.03
581335,KINGSFORD,1/27/2018,1580555.59
581335,KINGSFORD,2/3/2018,1758855.4
581335,KINGSFORD,2/10/2018,2031672.2
581335,KINGSFORD,2/17/2018,1769131.89
581335,KINGSFORD,2/24/2018,2121869.08
581335,KINGSFORD,3/3/2018,2283101.17
581335,KINGSFORD,3/10/2018,2359282.09
581335,KINGSFORD,3/17/2018,2583080.52
581335,KINGSFORD,3/24/2018,2756789.81
581335,KINGSFORD,3/31/2018,3307459.62
581335,KINGSFORD,4/7/2018,3753708.92
581335,KINGSFORD,4/14/2018,3241305.11
581335,KINGSFORD,4/21/2018,3342935.69
581335,KINGSFORD,4/28/2018,4455501.64
581335,KINGSFORD,5/5/2018,5114477.81
581335,KINGSFORD,5/12/2018,5327878.51
581335,KINGSFORD,5/19/2018,5551861.19
581335,KINGSFORD,5/26/2018,7878082.22
581335,KINGSFORD,6/2/2018,8665492.8
581335,KINGSFORD,6/9/2018,4680342.08
581335,KINGSFORD,6/16/2018,6461426.8
581335,KINGSFORD,6/23/2018,5977570.25
581335,KINGSFORD,6/30/2018,5097186.58
581335,KINGSFORD,7/7/2018,9970655.46
581335,KINGSFORD,7/14/2018,5402336.49
581335,KINGSFORD,7/21/2018,4218868.27
581335,KINGSFORD,7/28/2018,4055994.43
581335,KINGSFORD,8/4/2018,4148408.58
581335,KINGSFORD,8/11/2018,4200257.82
581335,KINGSFORD,8/18/2018,3959636.22
581335,KINGSFORD,8/25/2018,3764889.06
581335,KINGSFORD,9/1/2018,4883509.53
581335,KINGSFORD,9/8/2018,6072541.94
581335,KINGSFORD,9/15/2018,3721388
581335,KINGSFORD,9/22/2018,2942048.92
581335,KINGSFORD,9/29/2018,2497300.41
581335,KINGSFORD,10/6/2018,2522889.1
581335,KINGSFORD,10/13/2018,2521338.65
581335,KINGSFORD,10/20/2018,2147231.62
581335,KINGSFORD,10/27/2018,2058303.23
581335,KINGSFORD,11/3/2018,1990714.13
581335,KINGSFORD,11/10/2018,1812415
581335,KINGSFORD,11/17/2018,1621027.83
581335,KINGSFORD,11/24/2018,2369304.53
581335,KINGSFORD,12/1/2018,1482053.5
581335,KINGSFORD,12/8/2018,1190026.61
581335,KINGSFORD,12/15/2018,1188203.79
581335,KINGSFORD,12/22/2018,1510088.65
581335,KINGSFORD,12/29/2018,2517080.44
596072,MEAD FIVE STAR,1/6/2018,1134630.14
596072,MEAD FIVE STAR,1/13/2018,1942329.32
596072,MEAD FIVE STAR,1/20/2018,1574734.48
596072,MEAD FIVE STAR,1/27/2018,1202844.26
596072,MEAD FIVE STAR,2/3/2018,920604.95
596072,MEAD FIVE STAR,2/10/2018,613719.58
596072,MEAD FIVE STAR,2/17/2018,526900.73
596072,MEAD FIVE STAR,2/24/2018,459728.75
596072,MEAD FIVE STAR,3/3/2018,500181.96
596072,MEAD FIVE STAR,3/10/2018,472941.13
596072,MEAD FIVE STAR,3/17/2018,438647.44
596072,MEAD FIVE STAR,3/24/2018,427514.94
596072,MEAD FIVE STAR,3/31/2018,415553.94
596072,MEAD FIVE STAR,4/7/2018,416827.02
596072,MEAD FIVE STAR,4/14/2018,391560.12
596072,MEAD FIVE STAR,4/21/2018,357942.88
596072,MEAD FIVE STAR,4/28/2018,330554.75
596072,MEAD FIVE STAR,5/5/2018,321968.34
596072,MEAD FIVE STAR,5/12/2018,329559.31
596072,MEAD FIVE STAR,5/19/2018,318094.82
596072,MEAD FIVE STAR,5/26/2018,294671.35
596072,MEAD FIVE STAR,6/2/2018,295984.86
596072,MEAD FIVE STAR,6/9/2018,333834.02
596072,MEAD FIVE STAR,6/16/2018,330021.2
596072,MEAD FIVE STAR,6/23/2018,344167.62
596072,MEAD FIVE STAR,6/30/2018,381919.67
596072,MEAD FIVE STAR,7/7/2018,540224.79
596072,MEAD FIVE STAR,7/14/2018,1590720.41
596072,MEAD FIVE STAR,7/21/2018,3952724.18
596072,MEAD FIVE STAR,7/28/2018,5138749.67
596072,MEAD FIVE STAR,8/4/2018,8776378.39
596072,MEAD FIVE STAR,8/11/2018,10405646.93
596072,MEAD FIVE STAR,8/18/2018,10550269.7
596072,MEAD FIVE STAR,8/25/2018,8233853.77
596072,MEAD FIVE STAR,9/1/2018,5520264.18
596072,MEAD FIVE STAR,9/8/2018,3316441.39
596072,MEAD FIVE STAR,9/15/2018,1418117.6
596072,MEAD FIVE STAR,9/22/2018,762570.13
596072,MEAD FIVE STAR,9/29/2018,592725.32
596072,MEAD FIVE STAR,10/6/2018,476880.01
596072,MEAD FIVE STAR,10/13/2018,414659.07
596072,MEAD FIVE STAR,10/20/2018,402459.38
596072,MEAD FIVE STAR,10/27/2018,388098.71
596072,MEAD FIVE STAR,11/3/2018,372823.48
596072,MEAD FIVE STAR,11/10/2018,378611.36
596072,MEAD FIVE STAR,11/17/2018,342138.26
596072,MEAD FIVE STAR,11/24/2018,232363.73
596072,MEAD FIVE STAR,12/1/2018,341338.23
596072,MEAD FIVE STAR,12/8/2018,366591.01
596072,MEAD FIVE STAR,12/15/2018,345763.64
596072,MEAD FIVE STAR,12/22/2018,349089.2
596072,MEAD FIVE STAR,12/29/2018,315713.14
599631,MOBIL 1,1/6/2018,186903.92
599631,MOBIL 1,1/13/2018,231296.31
599631,MOBIL 1,1/20/2018,228050.62
599631,MOBIL 1,1/27/2018,222756.92
599631,MOBIL 1,2/3/2018,201154.12
599631,MOBIL 1,2/10/2018,229073.25
599631,MOBIL 1,2/17/2018,217927.79
599631,MOBIL 1,2/24/2018,813336.69
599631,MOBIL 1,3/3/2018,1935722.1
599631,MOBIL 1,3/10/2018,1578263.86
599631,MOBIL 1,3/17/2018,2306779.76
599631,MOBIL 1,3/24/2018,1152152.4
599631,MOBIL 1,3/31/2018,294253.35
599631,MOBIL 1,4/7/2018,277082.96
599631,MOBIL 1,4/14/2018,280993.44
599631,MOBIL 1,4/21/2018,216221.84
599631,MOBIL 1,4/28/2018,242148.5
599631,MOBIL 1,5/5/2018,937615.15
599631,MOBIL 1,5/12/2018,1280588.71
599631,MOBIL 1,5/19/2018,1165744.89
599631,MOBIL 1,5/26/2018,1170230.91
599631,MOBIL 1,6/2/2018,983925.32
599631,MOBIL 1,6/9/2018,1322935.66
599631,MOBIL 1,6/16/2018,1141720.91
599631,MOBIL 1,6/23/2018,916295.03
599631,MOBIL 1,6/30/2018,322996.8
599631,MOBIL 1,7/7/2018,437272.92
599631,MOBIL 1,7/14/2018,467192.77
599631,MOBIL 1,7/21/2018,945600.24
599631,MOBIL 1,7/28/2018,754918.95
599631,MOBIL 1,8/4/2018,258704.03
599631,MOBIL 1,8/11/2018,234186.76
599631,MOBIL 1,8/18/2018,247105.47
599631,MOBIL 1,8/25/2018,227608.13
599631,MOBIL 1,9/1/2018,436403.53
599631,MOBIL 1,9/8/2018,1263195.11
599631,MOBIL 1,9/15/2018,2486360.41
599631,MOBIL 1,9/22/2018,1594593.32
599631,MOBIL 1,9/29/2018,2914429.01
599631,MOBIL 1,10/6/2018,248210.33
599631,MOBIL 1,10/13/2018,246077.71
599631,MOBIL 1,10/20/2018,265301.48
599631,MOBIL 1,10/27/2018,321989.98
599631,MOBIL 1,11/3/2018,286363.3
599631,MOBIL 1,11/10/2018,261141.5
599631,MOBIL 1,11/17/2018,380647.08
599631,MOBIL 1,11/24/2018,1194971.94
599631,MOBIL 1,12/1/2018,1563646.11
599631,MOBIL 1,12/8/2018,2128184.23
599631,MOBIL 1,12/15/2018,1717502.22
599631,MOBIL 1,12/22/2018,1900079.38
599631,MOBIL 1,12/29/2018,357742.54
609623,OFF!,1/6/2018,118842.65
609623,OFF!,1/13/2018,130594.15
609623,OFF!,1/20/2018,119070.23
609623,OFF!,1/27/2018,129019.14
609623,OFF!,2/3/2018,148213.17
609623,OFF!,2/10/2018,173257.36
609623,OFF!,2/17/2018,206664.78
609623,OFF!,2/24/2018,263355.23
609623,OFF!,3/3/2018,309016.82
609623,OFF!,3/10/2018,339866.11
609623,OFF!,3/17/2018,351039.92
609623,OFF!,3/24/2018,431390.86
609623,OFF!,3/31/2018,512963.31
609623,OFF!,4/7/2018,468578.39
609623,OFF!,4/14/2018,568307.6
609623,OFF!,4/21/2018,627725.93
609623,OFF!,4/28/2018,897908.26
609623,OFF!,5/5/2018,1625091.19
609623,OFF!,5/12/2018,2132389.62
609623,OFF!,5/19/2018,2220465.57
609623,OFF!,5/26/2018,4077170.34
609623,OFF!,6/2/2018,4866537.8
609623,OFF!,6/9/2018,4104939.37
609623,OFF!,6/16/2018,4177903.57
609623,OFF!,6/23/2018,4012304.11
609623,OFF!,6/30/2018,4358112.39
609623,OFF!,7/7/2018,5991302.15
609623,OFF!,7/14/2018,4038928.75
609623,OFF!,7/21/2018,3048634.15
609623,OFF!,7/28/2018,2446895.36
609623,OFF!,8/4/2018,2437640.53
609623,OFF!,8/11/2018,2450648.09
609623,OFF!,8/18/2018,2145476.27
609623,OFF!,8/25/2018,1898508.78
609623,OFF!,9/1/2018,1945727.32
609623,OFF!,9/8/2018,1734029.98
609623,OFF!,9/15/2018,1609179.5
609623,OFF!,9/22/2018,1846151.82
609623,OFF!,9/29/2018,1259167.48
609623,OFF!,10/6/2018,1401944.77
609623,OFF!,10/13/2018,1063021.29
609623,OFF!,10/20/2018,621228.33
609623,OFF!,10/27/2018,509815.88
609623,OFF!,11/3/2018,521080.65
609623,OFF!,11/10/2018,348184.85
609623,OFF!,11/17/2018,189628.55
609623,OFF!,11/24/2018,156435.33
609623,OFF!,12/1/2018,135268.89
609623,OFF!,12/8/2018,126151.7
609623,OFF!,12/15/2018,129273.69
609623,OFF!,12/22/2018,171326.7
609623,OFF!,12/29/2018,162408.21
612630,OXO SOFTWORKS,1/6/2018,1147512.8
612630,OXO SOFTWORKS,1/13/2018,1126069.24
612630,OXO SOFTWORKS,1/20/2018,1139271.51
612630,OXO SOFTWORKS,1/27/2018,1010498.03
612630,OXO SOFTWORKS,2/3/2018,1047471.46
612630,OXO SOFTWORKS,2/10/2018,961549.06
612630,OXO SOFTWORKS,2/17/2018,1029229.09
612630,OXO SOFTWORKS,2/24/2018,1011387.56
612630,OXO SOFTWORKS,3/3/2018,1022800.48
612630,OXO SOFTWORKS,3/10/2018,1086876.3
612630,OXO SOFTWORKS,3/17/2018,949225.97
612630,OXO SOFTWORKS,3/24/2018,957127.58
612630,OXO SOFTWORKS,3/31/2018,1051831.1
612630,OXO SOFTWORKS,4/7/2018,843574.54
612630,OXO SOFTWORKS,4/14/2018,899997.25
612630,OXO SOFTWORKS,4/21/2018,872858.96
612630,OXO SOFTWORKS,4/28/2018,836495.3
612630,OXO SOFTWORKS,5/5/2018,863231.41
612630,OXO SOFTWORKS,5/12/2018,930478.62
612630,OXO SOFTWORKS,5/19/2018,897397.31
612630,OXO SOFTWORKS,5/26/2018,909365.14
612630,OXO SOFTWORKS,6/2/2018,981805.89
612630,OXO SOFTWORKS,6/9/2018,972692.39
612630,OXO SOFTWORKS,6/16/2018,997823.73
612630,OXO SOFTWORKS,6/23/2018,948535.75
612630,OXO SOFTWORKS,6/30/2018,973256.43
612630,OXO SOFTWORKS,7/7/2018,1003377.73
612630,OXO SOFTWORKS,7/14/2018,1098225.32
612630,OXO SOFTWORKS,7/21/2018,1096440.27
612630,OXO SOFTWORKS,7/28/2018,1070666.48
612630,OXO SOFTWORKS,8/4/2018,1076180.99
612630,OXO SOFTWORKS,8/11/2018,1116187.07
612630,OXO SOFTWORKS,8/18/2018,1250946.72
612630,OXO SOFTWORKS,8/25/2018,1260313.24
612630,OXO SOFTWORKS,9/1/2018,1179156.11
612630,OXO SOFTWORKS,9/8/2018,1248794.39
612630,OXO SOFTWORKS,9/15/2018,1124330.35
612630,OXO SOFTWORKS,9/22/2018,1048042.25
612630,OXO SOFTWORKS,9/29/2018,1039240.63
612630,OXO SOFTWORKS,10/6/2018,1048902.69
612630,OXO SOFTWORKS,10/13/2018,1050450.06
612630,OXO SOFTWORKS,10/20/2018,1029018.06
612630,OXO SOFTWORKS,10/27/2018,1005386.24
612630,OXO SOFTWORKS,11/3/2018,1037997.33
612630,OXO SOFTWORKS,11/10/2018,1079309.46
612630,OXO SOFTWORKS,11/17/2018,1164934.9
612630,OXO SOFTWORKS,11/24/2018,1672671
612630,OXO SOFTWORKS,12/1/2018,1105335.21
612630,OXO SOFTWORKS,12/8/2018,1278247.35
612630,OXO SOFTWORKS,12/15/2018,1444305.55
612630,OXO SOFTWORKS,12/22/2018,2104838.76
612630,OXO SOFTWORKS,12/29/2018,1677624.24
613954,PAPER MATE,1/6/2018,1368434.99
613954,PAPER MATE,1/13/2018,1844308.48
613954,PAPER MATE,1/20/2018,1583477.62
613954,PAPER MATE,1/27/2018,1526268.14
613954,PAPER MATE,2/3/2018,1475123.3
613954,PAPER MATE,2/10/2018,1394550.77
613954,PAPER MATE,2/17/2018,1514526.33
613954,PAPER MATE,2/24/2018,1283492.43
613954,PAPER MATE,3/3/2018,1406674.54
613954,PAPER MATE,3/10/2018,1307433.06
613954,PAPER MATE,3/17/2018,1219171.84
613954,PAPER MATE,3/24/2018,1194087.45
613954,PAPER MATE,3/31/2018,1321090.42
613954,PAPER MATE,4/7/2018,1021002.45
613954,PAPER MATE,4/14/2018,1123438.21
613954,PAPER MATE,4/21/2018,1110870.93
613954,PAPER MATE,4/28/2018,1068413.36
613954,PAPER MATE,5/5/2018,1078267.84
613954,PAPER MATE,5/12/2018,1218839.43
613954,PAPER MATE,5/19/2018,980577.82
613954,PAPER MATE,5/26/2018,860608.2
613954,PAPER MATE,6/2/2018,804801.24
613954,PAPER MATE,6/9/2018,830232.94
613954,PAPER MATE,6/16/2018,800944.19
613954,PAPER MATE,6/23/2018,776038.18
613954,PAPER MATE,6/30/2018,765853.89
613954,PAPER MATE,7/7/2018,828640.82
613954,PAPER MATE,7/14/2018,1422484.91
613954,PAPER MATE,7/21/2018,2668703.08
613954,PAPER MATE,7/28/2018,2787634.09
613954,PAPER MATE,8/4/2018,4511093.38
613954,PAPER MATE,8/11/2018,5238161.66
613954,PAPER MATE,8/18/2018,5666781.83
613954,PAPER MATE,8/25/2018,4533606.64
613954,PAPER MATE,9/1/2018,3117365.7
613954,PAPER MATE,9/8/2018,2197344.83
613954,PAPER MATE,9/15/2018,1471067.58
613954,PAPER MATE,9/22/2018,1103236.54
613954,PAPER MATE,9/29/2018,1023907.5
613954,PAPER MATE,10/6/2018,996851.35
613954,PAPER MATE,10/13/2018,948566.43
613954,PAPER MATE,10/20/2018,984380.3
613954,PAPER MATE,10/27/2018,986390.06
613954,PAPER MATE,11/3/2018,1005903.87
613954,PAPER MATE,11/10/2018,1030733.24
613954,PAPER MATE,11/17/2018,934477.2
613954,PAPER MATE,11/24/2018,806732.25
613954,PAPER MATE,12/1/2018,959371.59
613954,PAPER MATE,12/8/2018,1232122.25
613954,PAPER MATE,12/15/2018,1404449.41
613954,PAPER MATE,12/22/2018,1860713.29
613954,PAPER MATE,12/29/2018,1142286.75
615191,PEAK BLUE DEF,1/6/2018,272290.59
615191,PEAK BLUE DEF,1/13/2018,299665.59
615191,PEAK BLUE DEF,1/20/2018,308333.73
615191,PEAK BLUE DEF,1/27/2018,257464.38
615191,PEAK BLUE DEF,2/3/2018,244421.72
615191,PEAK BLUE DEF,2/10/2018,254499.67
615191,PEAK BLUE DEF,2/17/2018,248921.5
615191,PEAK BLUE DEF,2/24/2018,231989.92
615191,PEAK BLUE DEF,3/3/2018,244661.04
615191,PEAK BLUE DEF,3/10/2018,268247.97
615191,PEAK BLUE DEF,3/17/2018,269651
615191,PEAK BLUE DEF,3/24/2018,265572.91
615191,PEAK BLUE DEF,3/31/2018,267521.9
615191,PEAK BLUE DEF,4/7/2018,260614.77
615191,PEAK BLUE DEF,4/14/2018,270221.06
615191,PEAK BLUE DEF,4/21/2018,277597.69
615191,PEAK BLUE DEF,4/28/2018,273119.42
615191,PEAK BLUE DEF,5/5/2018,273609.55
615191,PEAK BLUE DEF,5/12/2018,270135.92
615191,PEAK BLUE DEF,5/19/2018,269870.7
615191,PEAK BLUE DEF,5/26/2018,268503.37
615191,PEAK BLUE DEF,6/2/2018,257978.03
615191,PEAK BLUE DEF,6/9/2018,283341.2
615191,PEAK BLUE DEF,6/16/2018,289993.38
615191,PEAK BLUE DEF,6/23/2018,284453.71
615191,PEAK BLUE DEF,6/30/2018,298721.49
615191,PEAK BLUE DEF,7/7/2018,274237.49
615191,PEAK BLUE DEF,7/14/2018,287093.6
615191,PEAK BLUE DEF,7/21/2018,288626.6
615191,PEAK BLUE DEF,7/28/2018,300192.13
615191,PEAK BLUE DEF,8/4/2018,294248.62
615191,PEAK BLUE DEF,8/11/2018,285999.18
615191,PEAK BLUE DEF,8/18/2018,287332.4
615191,PEAK BLUE DEF,8/25/2018,284175.94
615191,PEAK BLUE DEF,9/1/2018,289493.56
615191,PEAK BLUE DEF,9/8/2018,275382.25
615191,PEAK BLUE DEF,9/15/2018,300403.42
615191,PEAK BLUE DEF,9/22/2018,289585.72
615191,PEAK BLUE DEF,9/29/2018,295570.04
615191,PEAK BLUE DEF,10/6/2018,298238.58
615191,PEAK BLUE DEF,10/13/2018,301329.91
615191,PEAK BLUE DEF,10/20/2018,313785.71
615191,PEAK BLUE DEF,10/27/2018,321575.88
615191,PEAK BLUE DEF,11/3/2018,319906.21
615191,PEAK BLUE DEF,11/10/2018,315434.03
615191,PEAK BLUE DEF,11/17/2018,338421.16
615191,PEAK BLUE DEF,11/24/2018,321627.52
615191,PEAK BLUE DEF,12/1/2018,304223.58
615191,PEAK BLUE DEF,12/8/2018,331481.38
615191,PEAK BLUE DEF,12/15/2018,334837.25
615191,PEAK BLUE DEF,12/22/2018,339550.45
615191,PEAK BLUE DEF,12/29/2018,255495.38
615969,PEOPLE,1/6/2018,1086403.6
615969,PEOPLE,1/13/2018,1068597.72
615969,PEOPLE,1/20/2018,1033927.61
615969,PEOPLE,1/27/2018,1002888.38
615969,PEOPLE,2/3/2018,1028490.21
615969,PEOPLE,2/10/2018,922817.76
615969,PEOPLE,2/17/2018,780980
615969,PEOPLE,2/24/2018,796741.98
615969,PEOPLE,3/3/2018,909861.69
615969,PEOPLE,3/10/2018,870090.3
615969,PEOPLE,3/17/2018,840517.13
615969,PEOPLE,3/24/2018,943071.73
615969,PEOPLE,3/31/2018,1153705.08
615969,PEOPLE,4/7/2018,1130911.01
615969,PEOPLE,4/14/2018,1043851.26
615969,PEOPLE,4/21/2018,950730.82
615969,PEOPLE,4/28/2018,1020396.29
615969,PEOPLE,5/5/2018,1103021.84
615969,PEOPLE,5/12/2018,1247379.3
615969,PEOPLE,5/19/2018,1039524.08
615969,PEOPLE,5/26/2018,1110955.79
615969,PEOPLE,6/2/2018,1503511.79
615969,PEOPLE,6/9/2018,1181782.05
615969,PEOPLE,6/16/2018,1014179.46
615969,PEOPLE,6/23/2018,1013853.85
615969,PEOPLE,6/30/2018,776523.05
615969,PEOPLE,7/7/2018,1084889.08
615969,PEOPLE,7/14/2018,1003223.54
615969,PEOPLE,7/21/2018,1011322.27
615969,PEOPLE,7/28/2018,1009648.08
615969,PEOPLE,8/4/2018,917473.24
615969,PEOPLE,8/11/2018,905523.1
615969,PEOPLE,8/18/2018,931307.82
615969,PEOPLE,8/25/2018,971615.02
615969,PEOPLE,9/1/2018,989617.05
615969,PEOPLE,9/8/2018,965400.77
615969,PEOPLE,9/15/2018,956081.23
615969,PEOPLE,9/22/2018,880364.78
615969,PEOPLE,9/29/2018,710082.86
615969,PEOPLE,10/6/2018,648136.1
615969,PEOPLE,10/13/2018,865541.19
615969,PEOPLE,10/20/2018,909635.24
615969,PEOPLE,10/27/2018,852561
615969,PEOPLE,11/3/2018,951501.04
615969,PEOPLE,11/10/2018,954836.67
615969,PEOPLE,11/17/2018,768825.56
615969,PEOPLE,11/24/2018,896713.21
615969,PEOPLE,12/1/2018,723890.67
615969,PEOPLE,12/8/2018,699147.96
615969,PEOPLE,12/15/2018,795857.43
615969,PEOPLE,12/22/2018,982630.97
615969,PEOPLE,12/29/2018,1071127.78
617480,PHILIPS NORELCO,1/6/2018,1243600.72
617480,PHILIPS NORELCO,1/13/2018,1221499.12
617480,PHILIPS NORELCO,1/20/2018,1224689.71
617480,PHILIPS NORELCO,1/27/2018,1115785.01
617480,PHILIPS NORELCO,2/3/2018,1066862.1
617480,PHILIPS NORELCO,2/10/2018,1101801.37
617480,PHILIPS NORELCO,2/17/2018,1261561.6
617480,PHILIPS NORELCO,2/24/2018,1196385.69
617480,PHILIPS NORELCO,3/3/2018,1178926.33
617480,PHILIPS NORELCO,3/10/2018,1126801.85
617480,PHILIPS NORELCO,3/17/2018,1129510.9
617480,PHILIPS NORELCO,3/24/2018,1204914.24
617480,PHILIPS NORELCO,3/31/2018,1257635.85
617480,PHILIPS NORELCO,4/7/2018,1042865.98
617480,PHILIPS NORELCO,4/14/2018,1119801.64
617480,PHILIPS NORELCO,4/21/2018,1105879.43
617480,PHILIPS NORELCO,4/28/2018,1100040.79
617480,PHILIPS NORELCO,5/5/2018,1129315.02
617480,PHILIPS NORELCO,5/12/2018,1144876.37
617480,PHILIPS NORELCO,5/19/2018,1140929.86
617480,PHILIPS NORELCO,5/26/2018,1183461.94
617480,PHILIPS NORELCO,6/2/2018,1258214.23
617480,PHILIPS NORELCO,6/9/2018,1372247.68
617480,PHILIPS NORELCO,6/16/2018,1819065.29
617480,PHILIPS NORELCO,6/23/2018,1397251.28
617480,PHILIPS NORELCO,6/30/2018,1238953.51
617480,PHILIPS NORELCO,7/7/2018,1253397.17
617480,PHILIPS NORELCO,7/14/2018,1259361.43
617480,PHILIPS NORELCO,7/21/2018,1229270
617480,PHILIPS NORELCO,7/28/2018,1202660.79
617480,PHILIPS NORELCO,8/4/2018,1319911.14
617480,PHILIPS NORELCO,8/11/2018,1347564.22
617480,PHILIPS NORELCO,8/18/2018,1469880.49
617480,PHILIPS NORELCO,8/25/2018,1397861.24
617480,PHILIPS NORELCO,9/1/2018,1282427.14
617480,PHILIPS NORELCO,9/8/2018,1242342.9
617480,PHILIPS NORELCO,9/15/2018,1175574.01
617480,PHILIPS NORELCO,9/22/2018,1185907.07
617480,PHILIPS NORELCO,9/29/2018,1130630.82
617480,PHILIPS NORELCO,10/6/2018,1180378.41
617480,PHILIPS NORELCO,10/13/2018,1151558.2
617480,PHILIPS NORELCO,10/20/2018,1106662.65
617480,PHILIPS NORELCO,10/27/2018,1072343.57
617480,PHILIPS NORELCO,11/3/2018,1099540.44
617480,PHILIPS NORELCO,11/10/2018,1207389.31
617480,PHILIPS NORELCO,11/17/2018,1175355.2
617480,PHILIPS NORELCO,11/24/2018,2337807.72
617480,PHILIPS NORELCO,12/1/2018,1569368.16
617480,PHILIPS NORELCO,12/8/2018,1663891.3
617480,PHILIPS NORELCO,12/15/2018,1971644.47
617480,PHILIPS NORELCO,12/22/2018,3117160.78
617480,PHILIPS NORELCO,12/29/2018,2103476.51
617497,PHILIPS SONICARE,1/6/2018,777905.36
617497,PHILIPS SONICARE,1/13/2018,767983.49
617497,PHILIPS SONICARE,1/20/2018,857755.51
617497,PHILIPS SONICARE,1/27/2018,956413.74
617497,PHILIPS SONICARE,2/3/2018,989463.57
617497,PHILIPS SONICARE,2/10/2018,974420.36
617497,PHILIPS SONICARE,2/17/2018,1200117.71
617497,PHILIPS SONICARE,2/24/2018,1055602.45
617497,PHILIPS SONICARE,3/3/2018,836101.71
617497,PHILIPS SONICARE,3/10/2018,798406.15
617497,PHILIPS SONICARE,3/17/2018,801082
617497,PHILIPS SONICARE,3/24/2018,1021276.16
617497,PHILIPS SONICARE,3/31/2018,1055683.36
617497,PHILIPS SONICARE,4/7/2018,849580
617497,PHILIPS SONICARE,4/14/2018,754891.3
617497,PHILIPS SONICARE,4/21/2018,780910.66
617497,PHILIPS SONICARE,4/28/2018,819650.13
617497,PHILIPS SONICARE,5/5/2018,896398.8
617497,PHILIPS SONICARE,5/12/2018,1079320.8
617497,PHILIPS SONICARE,5/19/2018,963071.01
617497,PHILIPS SONICARE,5/26/2018,943418.35
617497,PHILIPS SONICARE,6/2/2018,978690.81
617497,PHILIPS SONICARE,6/9/2018,998211.93
617497,PHILIPS SONICARE,6/16/2018,1147540.69
617497,PHILIPS SONICARE,6/23/2018,1046109.33
617497,PHILIPS SONICARE,6/30/2018,935116.33
617497,PHILIPS SONICARE,7/7/2018,804327.26
617497,PHILIPS SONICARE,7/14/2018,766363.3
617497,PHILIPS SONICARE,7/21/2018,722336.96
617497,PHILIPS SONICARE,7/28/2018,767736.06
617497,PHILIPS SONICARE,8/4/2018,842524.53
617497,PHILIPS SONICARE,8/11/2018,954889.15
617497,PHILIPS SONICARE,8/18/2018,1027219.24
617497,PHILIPS SONICARE,8/25/2018,914680.23
617497,PHILIPS SONICARE,9/1/2018,789062.14
617497,PHILIPS SONICARE,9/8/2018,751658.05
617497,PHILIPS SONICARE,9/15/2018,718375.04
617497,PHILIPS SONICARE,9/22/2018,832342.92
617497,PHILIPS SONICARE,9/29/2018,862694.71
617497,PHILIPS SONICARE,10/6/2018,812660.81
617497,PHILIPS SONICARE,10/13/2018,871503.56
617497,PHILIPS SONICARE,10/20/2018,843606.06
617497,PHILIPS SONICARE,10/27/2018,766836.08
617497,PHILIPS SONICARE,11/3/2018,706796.23
617497,PHILIPS SONICARE,11/10/2018,927503.65
617497,PHILIPS SONICARE,11/17/2018,1020171.42
617497,PHILIPS SONICARE,11/24/2018,3844471.12
617497,PHILIPS SONICARE,12/1/2018,1639068.07
617497,PHILIPS SONICARE,12/8/2018,1861334.87
617497,PHILIPS SONICARE,12/15/2018,2360516.41
617497,PHILIPS SONICARE,12/22/2018,3581735.69
617497,PHILIPS SONICARE,12/29/2018,2271584.27
630944,RUBBERMAID,1/6/2018,2358772.64
630944,RUBBERMAID,1/13/2018,2462288.38
630944,RUBBERMAID,1/20/2018,2212655.81
630944,RUBBERMAID,1/27/2018,2164909.84
630944,RUBBERMAID,2/3/2018,2154053.49
630944,RUBBERMAID,2/10/2018,2016214.3
630944,RUBBERMAID,2/17/2018,1911254.4
630944,RUBBERMAID,2/24/2018,2040804.66
630944,RUBBERMAID,3/3/2018,2138409.2
630944,RUBBERMAID,3/10/2018,2096211.01
630944,RUBBERMAID,3/17/2018,2037802.36
630944,RUBBERMAID,3/24/2018,1973816.63
630944,RUBBERMAID,3/31/2018,2120499.62
630944,RUBBERMAID,4/7/2018,1926842.46
630944,RUBBERMAID,4/14/2018,2009234.69
630944,RUBBERMAID,4/21/2018,1956262.2
630944,RUBBERMAID,4/28/2018,1874931.14
630944,RUBBERMAID,5/5/2018,1846897.96
630944,RUBBERMAID,5/12/2018,1955512.46
630944,RUBBERMAID,5/19/2018,2056989.41
630944,RUBBERMAID,5/26/2018,2119248.2
630944,RUBBERMAID,6/2/2018,2136155.57
630944,RUBBERMAID,6/9/2018,2194905.16
630944,RUBBERMAID,6/16/2018,2129691.36
630944,RUBBERMAID,6/23/2018,2104544.17
630944,RUBBERMAID,6/30/2018,2150009.83
630944,RUBBERMAID,7/7/2018,2488282.36
630944,RUBBERMAID,7/14/2018,2253819.05
630944,RUBBERMAID,7/21/2018,2176645.51
630944,RUBBERMAID,7/28/2018,2115794.87
630944,RUBBERMAID,8/4/2018,2220401.11
630944,RUBBERMAID,8/11/2018,2404543.82
630944,RUBBERMAID,8/18/2018,2602230.96
630944,RUBBERMAID,8/25/2018,2570482.05
630944,RUBBERMAID,9/1/2018,2468903.66
630944,RUBBERMAID,9/8/2018,2496398.15
630944,RUBBERMAID,9/15/2018,2151487.77
630944,RUBBERMAID,9/22/2018,2084213.78
630944,RUBBERMAID,9/29/2018,1949620.07
630944,RUBBERMAID,10/6/2018,1960531.96
630944,RUBBERMAID,10/13/2018,1875953.08
630944,RUBBERMAID,10/20/2018,1875584.09
630944,RUBBERMAID,10/27/2018,1853982.23
630944,RUBBERMAID,11/3/2018,1926826.19
630944,RUBBERMAID,11/10/2018,2002752.35
630944,RUBBERMAID,11/17/2018,2401929.99
630944,RUBBERMAID,11/24/2018,6038689.42
630944,RUBBERMAID,12/1/2018,2306785.48
630944,RUBBERMAID,12/8/2018,2106596.65
630944,RUBBERMAID,12/15/2018,2325615.23
630944,RUBBERMAID,12/22/2018,3051325.51
630944,RUBBERMAID,12/29/2018,2647732.66
635032,SCOTCH,1/6/2018,2954771.37
635032,SCOTCH,1/13/2018,2830843.24
635032,SCOTCH,1/20/2018,2655634.38
635032,SCOTCH,1/27/2018,2629316.14
635032,SCOTCH,2/3/2018,2618132.57
635032,SCOTCH,2/10/2018,2564551.18
635032,SCOTCH,2/17/2018,2763456.92
635032,SCOTCH,2/24/2018,2346881.31
635032,SCOTCH,3/3/2018,2519968.8
635032,SCOTCH,3/10/2018,2477595.71
635032,SCOTCH,3/17/2018,2459221.04
635032,SCOTCH,3/24/2018,2529382.37
635032,SCOTCH,3/31/2018,2643616.05
635032,SCOTCH,4/7/2018,2208001.77
635032,SCOTCH,4/14/2018,2415436.21
635032,SCOTCH,4/21/2018,2444179.29
635032,SCOTCH,4/28/2018,2425004.1
635032,SCOTCH,5/5/2018,2523186.69
635032,SCOTCH,5/12/2018,2701083.73
635032,SCOTCH,5/19/2018,2511483.48
635032,SCOTCH,5/26/2018,2501328.35
635032,SCOTCH,6/2/2018,2549916.17
635032,SCOTCH,6/9/2018,2488705.25
635032,SCOTCH,6/16/2018,2553781.28
635032,SCOTCH,6/23/2018,2464506.62
635032,SCOTCH,6/30/2018,2446855.64
635032,SCOTCH,7/7/2018,2317800.4
635032,SCOTCH,7/14/2018,2563358.19
635032,SCOTCH,7/21/2018,2934868.37
635032,SCOTCH,7/28/2018,3120671.41
635032,SCOTCH,8/4/2018,3485394.72
635032,SCOTCH,8/11/2018,3770830.86
635032,SCOTCH,8/18/2018,4002199.27
635032,SCOTCH,8/25/2018,3878513.64
635032,SCOTCH,9/1/2018,3362900.91
635032,SCOTCH,9/8/2018,3045077.29
635032,SCOTCH,9/15/2018,2701023.85
635032,SCOTCH,9/22/2018,2529879.57
635032,SCOTCH,9/29/2018,2471181.49
635032,SCOTCH,10/6/2018,2501414.3
635032,SCOTCH,10/13/2018,2510752.93
635032,SCOTCH,10/20/2018,2521894.35
635032,SCOTCH,10/27/2018,2750094.63
635032,SCOTCH,11/3/2018,2831828.33
635032,SCOTCH,11/10/2018,2993131.71
635032,SCOTCH,11/17/2018,3569882.78
635032,SCOTCH,11/24/2018,4341275.22
635032,SCOTCH,12/1/2018,6357133.88
635032,SCOTCH,12/8/2018,8396659.6
635032,SCOTCH,12/15/2018,10456507.16
635032,SCOTCH,12/22/2018,15243565.01
635032,SCOTCH,12/29/2018,9285474.13
644405,STERILITE,1/6/2018,11940220.55
644405,STERILITE,1/13/2018,7618081.5
644405,STERILITE,1/20/2018,6222645.51
644405,STERILITE,1/27/2018,5078396.35
644405,STERILITE,2/3/2018,4769796.82
644405,STERILITE,2/10/2018,4320361.5
644405,STERILITE,2/17/2018,4380901.42
644405,STERILITE,2/24/2018,5042279.62
644405,STERILITE,3/3/2018,5119224.43
644405,STERILITE,3/10/2018,4994769.21
644405,STERILITE,3/17/2018,4976433.38
644405,STERILITE,3/24/2018,5025697.69
644405,STERILITE,3/31/2018,5020667.92
644405,STERILITE,4/7/2018,4679901.51
644405,STERILITE,4/14/2018,4976303.96
644405,STERILITE,4/21/2018,4948326.06
644405,STERILITE,4/28/2018,5106628.88
644405,STERILITE,5/5/2018,5238575.11
644405,STERILITE,5/12/2018,5328786.44
644405,STERILITE,5/19/2018,5078291.03
644405,STERILITE,5/26/2018,5232484.49
644405,STERILITE,6/2/2018,5576065.04
644405,STERILITE,6/9/2018,5357221.56
644405,STERILITE,6/16/2018,5304268.05
644405,STERILITE,6/23/2018,4894901.18
644405,STERILITE,6/30/2018,5014369.96
644405,STERILITE,7/7/2018,5193807.82
644405,STERILITE,7/14/2018,4953520.91
644405,STERILITE,7/21/2018,5402673.6
644405,STERILITE,7/28/2018,5694229.22
644405,STERILITE,8/4/2018,6243722.28
644405,STERILITE,8/11/2018,6341547.52
644405,STERILITE,8/18/2018,7100611.67
644405,STERILITE,8/25/2018,7054620.53
644405,STERILITE,9/1/2018,5820293.8
644405,STERILITE,9/8/2018,5576290.69
644405,STERILITE,9/15/2018,4824238.73
644405,STERILITE,9/22/2018,4719585.62
644405,STERILITE,9/29/2018,5036946.13
644405,STERILITE,10/6/2018,4669517.64
644405,STERILITE,10/13/2018,4577528.84
644405,STERILITE,10/20/2018,4577714.72
644405,STERILITE,10/27/2018,4446394.86
644405,STERILITE,11/3/2018,5612797.47
644405,STERILITE,11/10/2018,5751041.7
644405,STERILITE,11/17/2018,5121431.66
644405,STERILITE,11/24/2018,4845356.94
644405,STERILITE,12/1/2018,5013277.32
644405,STERILITE,12/8/2018,4469432.33
644405,STERILITE,12/15/2018,4175965.54
644405,STERILITE,12/22/2018,4630929.24
644405,STERILITE,12/29/2018,11933683.27
644407,STERILITE CLEAR VIEW,1/6/2018,2228195.46
644407,STERILITE CLEAR VIEW,1/13/2018,1248533.76
644407,STERILITE CLEAR VIEW,1/20/2018,996847.78
644407,STERILITE CLEAR VIEW,1/27/2018,808374.34
644407,STERILITE CLEAR VIEW,2/3/2018,1008969.88
644407,STERILITE CLEAR VIEW,2/10/2018,669614.41
644407,STERILITE CLEAR VIEW,2/17/2018,705083.32
644407,STERILITE CLEAR VIEW,2/24/2018,806204.59
644407,STERILITE CLEAR VIEW,3/3/2018,1517092.27
644407,STERILITE CLEAR VIEW,3/10/2018,743778.98
644407,STERILITE CLEAR VIEW,3/17/2018,734304.64
644407,STERILITE CLEAR VIEW,3/24/2018,757193.21
644407,STERILITE CLEAR VIEW,3/31/2018,855033.22
644407,STERILITE CLEAR VIEW,4/7/2018,942047.59
644407,STERILITE CLEAR VIEW,4/14/2018,887008.15
644407,STERILITE CLEAR VIEW,4/21/2018,860994.27
644407,STERILITE CLEAR VIEW,4/28/2018,897067.97
644407,STERILITE CLEAR VIEW,5/5/2018,1244873.01
644407,STERILITE CLEAR VIEW,5/12/2018,1055829.71
644407,STERILITE CLEAR VIEW,5/19/2018,956245.73
644407,STERILITE CLEAR VIEW,5/26/2018,1041578.8
644407,STERILITE CLEAR VIEW,6/2/2018,1017138.2
644407,STERILITE CLEAR VIEW,6/9/2018,974648.09
644407,STERILITE CLEAR VIEW,6/16/2018,1019824.32
644407,STERILITE CLEAR VIEW,6/23/2018,900992.77
644407,STERILITE CLEAR VIEW,6/30/2018,865880.47
644407,STERILITE CLEAR VIEW,7/7/2018,1026650.92
644407,STERILITE CLEAR VIEW,7/14/2018,775700.74
644407,STERILITE CLEAR VIEW,7/21/2018,798313.79
644407,STERILITE CLEAR VIEW,7/28/2018,797736.66
644407,STERILITE CLEAR VIEW,8/4/2018,790724.37
644407,STERILITE CLEAR VIEW,8/11/2018,913273.1
644407,STERILITE CLEAR VIEW,8/18/2018,1179903.31
644407,STERILITE CLEAR VIEW,8/25/2018,829399.15
644407,STERILITE CLEAR VIEW,9/1/2018,930676.65
644407,STERILITE CLEAR VIEW,9/8/2018,787477.69
644407,STERILITE CLEAR VIEW,9/15/2018,847427.29
644407,STERILITE CLEAR VIEW,9/22/2018,725015.84
644407,STERILITE CLEAR VIEW,9/29/2018,869611.79
644407,STERILITE CLEAR VIEW,10/6/2018,724996.76
644407,STERILITE CLEAR VIEW,10/13/2018,929465.23
644407,STERILITE CLEAR VIEW,10/20/2018,724281.58
644407,STERILITE CLEAR VIEW,10/27/2018,922646.43
644407,STERILITE CLEAR VIEW,11/3/2018,818047.26
644407,STERILITE CLEAR VIEW,11/10/2018,819113.92
644407,STERILITE CLEAR VIEW,11/17/2018,741246.36
644407,STERILITE CLEAR VIEW,11/24/2018,778324.59
644407,STERILITE CLEAR VIEW,12/1/2018,786281.55
644407,STERILITE CLEAR VIEW,12/8/2018,752273.26
644407,STERILITE CLEAR VIEW,12/15/2018,685461.72
644407,STERILITE CLEAR VIEW,12/22/2018,690825.85
644407,STERILITE CLEAR VIEW,12/29/2018,1688900.1
663504,WARNER HOME VIDEO,1/6/2018,1711245.51
663504,WARNER HOME VIDEO,1/13/2018,3640599.06
663504,WARNER HOME VIDEO,1/20/2018,3305027.86
663504,WARNER HOME VIDEO,1/27/2018,3107095.16
663504,WARNER HOME VIDEO,2/3/2018,1704544.32
663504,WARNER HOME VIDEO,2/10/2018,1586775.94
663504,WARNER HOME VIDEO,2/17/2018,1671806.36
663504,WARNER HOME VIDEO,2/24/2018,1198953.18
663504,WARNER HOME VIDEO,3/3/2018,1319200.38
663504,WARNER HOME VIDEO,3/10/2018,1186835.61
663504,WARNER HOME VIDEO,3/17/2018,6161755.11
663504,WARNER HOME VIDEO,3/24/2018,2891607.61
663504,WARNER HOME VIDEO,3/31/2018,2350791.07
663504,WARNER HOME VIDEO,4/7/2018,1189707.54
663504,WARNER HOME VIDEO,4/14/2018,1219988.14
663504,WARNER HOME VIDEO,4/21/2018,1046478.44
663504,WARNER HOME VIDEO,4/28/2018,1168892.66
663504,WARNER HOME VIDEO,5/5/2018,1485668.36
663504,WARNER HOME VIDEO,5/12/2018,1409120.83
663504,WARNER HOME VIDEO,5/19/2018,1099181.02
663504,WARNER HOME VIDEO,5/26/2018,1232080.62
663504,WARNER HOME VIDEO,6/2/2018,1154084.85
663504,WARNER HOME VIDEO,6/9/2018,1109210.09
663504,WARNER HOME VIDEO,6/16/2018,2260316.74
663504,WARNER HOME VIDEO,6/23/2018,1229787.62
663504,WARNER HOME VIDEO,6/30/2018,1042429.61
663504,WARNER HOME VIDEO,7/7/2018,919678.07
663504,WARNER HOME VIDEO,7/14/2018,934933.27
663504,WARNER HOME VIDEO,7/21/2018,1884494.02
663504,WARNER HOME VIDEO,7/28/2018,3253131.31
663504,WARNER HOME VIDEO,8/4/2018,2232616.03
663504,WARNER HOME VIDEO,8/11/2018,1936088.51
663504,WARNER HOME VIDEO,8/18/2018,1476760.62
663504,WARNER HOME VIDEO,8/25/2018,1125415.93
663504,WARNER HOME VIDEO,9/1/2018,1321017.82
663504,WARNER HOME VIDEO,9/8/2018,1194194.19
663504,WARNER HOME VIDEO,9/15/2018,1785726.17
663504,WARNER HOME VIDEO,9/22/2018,1397225.09
663504,WARNER HOME VIDEO,9/29/2018,1030454.09
663504,WARNER HOME VIDEO,10/6/2018,909518.73
663504,WARNER HOME VIDEO,10/13/2018,939124.82
663504,WARNER HOME VIDEO,10/20/2018,2107690.28
663504,WARNER HOME VIDEO,10/27/2018,977744.3
663504,WARNER HOME VIDEO,11/3/2018,1253112.87
663504,WARNER HOME VIDEO,11/10/2018,1169889.87
663504,WARNER HOME VIDEO,11/17/2018,2260725.24
663504,WARNER HOME VIDEO,11/24/2018,9943915.8
663504,WARNER HOME VIDEO,12/1/2018,2217269.49
663504,WARNER HOME VIDEO,12/8/2018,2926234.62
663504,WARNER HOME VIDEO,12/15/2018,3766162.02
663504,WARNER HOME VIDEO,12/22/2018,4587933.33
663504,WARNER HOME VIDEO,12/29/2018,2721476.34
